Rank,Module,Class,Kind,PmdSmells,LOC,NCSS,Methods,Path
1,openjpa-kernel,PCEnhancer,class,698,5809,3958,133,openjpa-kernel/src/main/java/org/apache/openjpa/enhance/PCEnhancer.java
2,openjpa-kernel,BrokerImpl,class,360,5511,4162,296,openjpa-kernel/src/main/java/org/apache/openjpa/kernel/BrokerImpl.java
3,openjpa-kernel,DelegatingBroker,class,329,1675,1426,184,openjpa-kernel/src/main/java/org/apache/openjpa/kernel/DelegatingBroker.java
4,openjpa-jdbc,DBDictionary,class,276,6122,3959,342,openjpa-jdbc/src/main/java/org/apache/openjpa/jdbc/sql/DBDictionary.java
5,openjpa-jdbc,SelectImpl,class,230,3627,2703,305,openjpa-jdbc/src/main/java/org/apache/openjpa/jdbc/sql/SelectImpl.java
6,openjpa-persistence,Expressions,class,213,2098,1678,280,openjpa-persistence/src/main/java/org/apache/openjpa/persistence/criteria/Expressions.java
7,openjpa-kernel,JPQLExpressionBuilder,class,206,2591,1870,120,openjpa-kernel/src/main/java/org/apache/openjpa/kernel/jpql/JPQLExpressionBuilder.java
8,openjpa-persistence,XMLPersistenceMetaDataParser,class,175,3001,2274,165,openjpa-persistence/src/main/java/org/apache/openjpa/persistence/XMLPersistenceMetaDataParser.java
9,openjpa-jdbc,PCPath,class,175,1208,947,68,openjpa-jdbc/src/main/java/org/apache/openjpa/jdbc/kernel/exps/PCPath.java
10,openjpa-kernel,ClassMetaData,class,174,2870,1864,167,openjpa-kernel/src/main/java/org/apache/openjpa/meta/ClassMetaData.java
11,openjpa-jdbc,OracleDictionary,class,157,1617,1229,71,openjpa-jdbc/src/main/java/org/apache/openjpa/jdbc/sql/OracleDictionary.java
12,openjpa-kernel,FieldMetaData,class,156,2589,1702,184,openjpa-kernel/src/main/java/org/apache/openjpa/meta/FieldMetaData.java
13,openjpa-kernel,DelegatingQuery,class,144,743,614,78,openjpa-kernel/src/main/java/org/apache/openjpa/kernel/DelegatingQuery.java
14,openjpa-kernel,StateManagerImpl,class,143,3707,2646,192,openjpa-kernel/src/main/java/org/apache/openjpa/kernel/StateManagerImpl.java
15,openjpa-kernel,PCDataGenerator,class,143,1310,955,33,openjpa-kernel/src/main/java/org/apache/openjpa/enhance/PCDataGenerator.java
16,openjpa-kernel,QueryImpl,class,130,2448,1846,181,openjpa-kernel/src/main/java/org/apache/openjpa/kernel/QueryImpl.java
17,openjpa-kernel,DelegatingFetchConfiguration,class,126,670,552,67,openjpa-kernel/src/main/java/org/apache/openjpa/kernel/DelegatingFetchConfiguration.java
18,openjpa-kernel,FetchConfigurationImpl,class,123,1177,907,84,openjpa-kernel/src/main/java/org/apache/openjpa/kernel/FetchConfigurationImpl.java
19,openjpa-jdbc,MappingInfo,class,121,1927,1278,59,openjpa-jdbc/src/main/java/org/apache/openjpa/jdbc/meta/MappingInfo.java
20,openjpa-jdbc,XMLSchemaParser,class,120,628,437,34,openjpa-jdbc/src/main/java/org/apache/openjpa/jdbc/schema/XMLSchemaParser.java
21,openjpa-persistence,AnnotationPersistenceMetaDataParser,class,119,2243,1709,96,openjpa-persistence/src/main/java/org/apache/openjpa/persistence/AnnotationPersistenceMetaDataParser.java
22,openjpa-kernel,ProxyManagerImpl,class,111,2045,1511,72,openjpa-kernel/src/main/java/org/apache/openjpa/util/ProxyManagerImpl.java
23,openjpa-jdbc,SchemaTool,class,109,1736,1136,74,openjpa-jdbc/src/main/java/org/apache/openjpa/jdbc/schema/SchemaTool.java
24,openjpa-kernel,MetaDataRepository,class,108,2588,1622,140,openjpa-kernel/src/main/java/org/apache/openjpa/meta/MetaDataRepository.java
25,openjpa-jdbc,MappingRepository,class,107,1624,1203,84,openjpa-jdbc/src/main/java/org/apache/openjpa/jdbc/meta/MappingRepository.java
26,openjpa-jdbc,JDBCStoreManager,class,105,1990,1484,121,openjpa-jdbc/src/main/java/org/apache/openjpa/jdbc/kernel/JDBCStoreManager.java
27,openjpa-jdbc,SelectConstructor,class,104,436,292,11,openjpa-jdbc/src/main/java/org/apache/openjpa/jdbc/kernel/exps/SelectConstructor.java
28,openjpa-persistence,PersistenceProductDerivation,class,97,1034,764,43,openjpa-persistence/src/main/java/org/apache/openjpa/persistence/PersistenceProductDerivation.java
29,openjpa-jdbc,ReverseMappingTool,class,96,2322,1497,122,openjpa-jdbc/src/main/java/org/apache/openjpa/jdbc/meta/ReverseMappingTool.java
30,openjpa-persistence-jdbc,XMLPersistenceMappingParser,class,96,1857,1477,86,openjpa-persistence-jdbc/src/main/java/org/apache/openjpa/persistence/jdbc/XMLPersistenceMappingParser.java
31,openjpa-kernel,AbstractCFMetaDataFactory,class,96,1125,820,32,openjpa-kernel/src/main/java/org/apache/openjpa/meta/AbstractCFMetaDataFactory.java
32,openjpa-persistence,EntityManagerImpl,class,93,2250,1785,240,openjpa-persistence/src/main/java/org/apache/openjpa/persistence/EntityManagerImpl.java
33,openjpa-kernel,Reflection,class,93,1006,624,67,openjpa-kernel/src/main/java/org/apache/openjpa/enhance/Reflection.java
34,openjpa-kernel,Filters,class,92,1142,877,37,openjpa-kernel/src/main/java/org/apache/openjpa/kernel/Filters.java
35,openjpa-lib,AbstractHashedMap,class,92,1394,750,92,openjpa-lib/src/main/java/org/apache/openjpa/lib/util/collections/AbstractHashedMap.java
36,openjpa-jdbc,JDBCStoreQuery,class,87,1143,906,52,openjpa-jdbc/src/main/java/org/apache/openjpa/jdbc/kernel/JDBCStoreQuery.java
37,openjpa-kernel,DelegatingResultList,class,86,502,388,51,openjpa-kernel/src/main/java/org/apache/openjpa/kernel/DelegatingResultList.java
38,openjpa-jdbc,PostgresDictionary,class,82,1135,809,57,openjpa-jdbc/src/main/java/org/apache/openjpa/jdbc/sql/PostgresDictionary.java
39,openjpa-lib,TreeBidiMap,class,81,2254,1246,146,openjpa-lib/src/main/java/org/apache/openjpa/lib/util/collections/TreeBidiMap.java
40,openjpa-jdbc,ForeignKey,class,79,1030,658,67,openjpa-jdbc/src/main/java/org/apache/openjpa/jdbc/schema/ForeignKey.java
41,openjpa-kernel,ExpressionStoreQuery,class,79,911,627,63,openjpa-kernel/src/main/java/org/apache/openjpa/kernel/ExpressionStoreQuery.java
42,openjpa-kernel,TCPRemoteCommitProvider,class,78,958,640,49,openjpa-kernel/src/main/java/org/apache/openjpa/event/TCPRemoteCommitProvider.java
43,openjpa-lib,LoggingConnectionDecorator,class,73,2515,2054,216,openjpa-lib/src/main/java/org/apache/openjpa/lib/jdbc/LoggingConnectionDecorator.java
44,openjpa-lib,ConfigurationImpl,class,73,1172,773,66,openjpa-lib/src/main/java/org/apache/openjpa/lib/conf/ConfigurationImpl.java
45,openjpa-jdbc,SchemaGenerator,class,68,1086,715,44,openjpa-jdbc/src/main/java/org/apache/openjpa/jdbc/schema/SchemaGenerator.java
46,openjpa-persistence-jdbc,AnnotationPersistenceMappingParser,class,67,2265,1858,83,openjpa-persistence-jdbc/src/main/java/org/apache/openjpa/persistence/jdbc/AnnotationPersistenceMappingParser.java
47,openjpa-jdbc,EmbedFieldStrategy,class,67,1974,1528,260,openjpa-jdbc/src/main/java/org/apache/openjpa/jdbc/meta/strats/EmbedFieldStrategy.java
48,openjpa-kernel,SingleFieldManager,class,67,929,688,34,openjpa-kernel/src/main/java/org/apache/openjpa/kernel/SingleFieldManager.java
49,openjpa-kernel,LifecycleEventManager,class,66,657,482,27,openjpa-kernel/src/main/java/org/apache/openjpa/event/LifecycleEventManager.java
50,openjpa-lib,ConcurrentReferenceHashMap,class,64,1153,745,81,openjpa-lib/src/main/java/org/apache/openjpa/lib/util/concurrent/ConcurrentReferenceHashMap.java
51,openjpa-kernel,DataCacheStoreManager,class,64,862,614,23,openjpa-kernel/src/main/java/org/apache/openjpa/datacache/DataCacheStoreManager.java
52,openjpa-lib,ConcurrentHashMap,class,64,986,556,66,openjpa-lib/src/main/java/org/apache/openjpa/lib/util/concurrent/ConcurrentHashMap.java
53,openjpa-lib,ClassArgParser,class,64,642,457,23,openjpa-lib/src/main/java/org/apache/openjpa/lib/meta/ClassArgParser.java
54,openjpa-xmlstore,XMLFileHandler,class,63,662,461,19,openjpa-xmlstore/src/main/java/org/apache/openjpa/xmlstore/XMLFileHandler.java
55,openjpa-lib,FormatPreservingProperties,class,63,727,434,40,openjpa-lib/src/main/java/org/apache/openjpa/lib/util/FormatPreservingProperties.java
56,openjpa-kernel,DelegatingDataCache,class,63,426,345,37,openjpa-kernel/src/main/java/org/apache/openjpa/datacache/DelegatingDataCache.java
57,openjpa-jdbc,DB2Dictionary,class,61,1283,936,54,openjpa-jdbc/src/main/java/org/apache/openjpa/jdbc/sql/DB2Dictionary.java
58,openjpa-jdbc,RelationFieldStrategy,class,61,1147,894,45,openjpa-jdbc/src/main/java/org/apache/openjpa/jdbc/meta/strats/RelationFieldStrategy.java
59,openjpa-jdbc,MappingTool,class,61,1232,747,54,openjpa-jdbc/src/main/java/org/apache/openjpa/jdbc/meta/MappingTool.java
60,openjpa-jdbc,ClassMapping,class,61,1177,728,83,openjpa-jdbc/src/main/java/org/apache/openjpa/jdbc/meta/ClassMapping.java
61,openjpa-jdbc,SQLBuffer,class,60,699,468,41,openjpa-jdbc/src/main/java/org/apache/openjpa/jdbc/sql/SQLBuffer.java
62,openjpa-jdbc,JoinSet,class,60,416,302,31,openjpa-jdbc/src/main/java/org/apache/openjpa/jdbc/sql/JoinSet.java
63,openjpa-jdbc,DelegatingJDBCFetchConfiguration,class,60,344,268,32,openjpa-jdbc/src/main/java/org/apache/openjpa/jdbc/kernel/DelegatingJDBCFetchConfiguration.java
64,openjpa-lib,AbstractLinkedMap,class,59,621,310,48,openjpa-lib/src/main/java/org/apache/openjpa/lib/util/collections/AbstractLinkedMap.java
65,openjpa-persistence,XMLPersistenceMetaDataSerializer,class,57,1539,1102,90,openjpa-persistence/src/main/java/org/apache/openjpa/persistence/XMLPersistenceMetaDataSerializer.java
66,openjpa-kernel,ApplicationIdTool,class,57,1488,1038,48,openjpa-kernel/src/main/java/org/apache/openjpa/enhance/ApplicationIdTool.java
67,openjpa-jdbc,TableJDBCSeq,class,57,1000,624,49,openjpa-jdbc/src/main/java/org/apache/openjpa/jdbc/kernel/TableJDBCSeq.java
68,openjpa-persistence,AnnotationPersistenceMetaDataSerializer,class,56,1570,1102,100,openjpa-persistence/src/main/java/org/apache/openjpa/persistence/AnnotationPersistenceMetaDataSerializer.java
69,openjpa-persistence,SourceCode,class,56,1107,827,92,openjpa-persistence/src/main/java/org/apache/openjpa/persistence/util/SourceCode.java
70,openjpa-kernel,InMemoryExpressionFactory,class,56,939,682,106,openjpa-kernel/src/main/java/org/apache/openjpa/kernel/exps/InMemoryExpressionFactory.java
71,openjpa-kernel,AutomaticManagedRuntime,class,54,328,230,9,openjpa-kernel/src/main/java/org/apache/openjpa/ee/AutomaticManagedRuntime.java
72,openjpa-persistence,SourceAnnotationHandler,class,53,769,504,39,openjpa-persistence/src/main/java/org/apache/openjpa/persistence/meta/SourceAnnotationHandler.java
73,openjpa-persistence,PersistenceMetaDataDefaults,class,52,998,711,44,openjpa-persistence/src/main/java/org/apache/openjpa/persistence/PersistenceMetaDataDefaults.java
74,openjpa-jdbc,Column,class,52,1041,655,87,openjpa-jdbc/src/main/java/org/apache/openjpa/jdbc/schema/Column.java
75,openjpa-kernel,DynamicStorageGenerator,class,51,611,396,24,openjpa-kernel/src/main/java/org/apache/openjpa/enhance/DynamicStorageGenerator.java
76,openjpa-lib,ProductDerivations,class,48,511,342,20,openjpa-lib/src/main/java/org/apache/openjpa/lib/conf/ProductDerivations.java
77,openjpa-slice,DistributedPreparedStatement,class,48,398,310,58,openjpa-slice/src/main/java/org/apache/openjpa/slice/jdbc/DistributedPreparedStatement.java
78,openjpa-kernel,DetachManager,class,47,891,640,37,openjpa-kernel/src/main/java/org/apache/openjpa/kernel/DetachManager.java
79,openjpa-lib,AbstractReferenceMap,class,47,1108,546,71,openjpa-lib/src/main/java/org/apache/openjpa/lib/util/collections/AbstractReferenceMap.java
80,openjpa-persistence,CriteriaQueryImpl,class,47,799,537,49,openjpa-persistence/src/main/java/org/apache/openjpa/persistence/criteria/CriteriaQueryImpl.java
81,openjpa-jest,XMLFormatter,class,47,536,412,14,openjpa-jest/src/main/java/org/apache/openjpa/persistence/jest/XMLFormatter.java
82,openjpa-jdbc,Table,class,46,982,648,81,openjpa-jdbc/src/main/java/org/apache/openjpa/jdbc/schema/Table.java
83,openjpa-lib,AbstractDualBidiMap,class,45,825,462,63,openjpa-lib/src/main/java/org/apache/openjpa/lib/util/collections/AbstractDualBidiMap.java
84,openjpa-slice,DistributedStoreQuery,class,45,293,228,12,openjpa-slice/src/main/java/org/apache/openjpa/slice/jdbc/DistributedStoreQuery.java
85,openjpa-jest,Constants,interface,45,115,48,0,openjpa-jest/src/main/java/org/apache/openjpa/persistence/jest/Constants.java
86,openjpa-persistence,Joins,class,44,779,586,62,openjpa-persistence/src/main/java/org/apache/openjpa/persistence/criteria/Joins.java
87,openjpa-persistence,CriteriaExpressionBuilder,class,44,379,280,12,openjpa-persistence/src/main/java/org/apache/openjpa/persistence/criteria/CriteriaExpressionBuilder.java
88,openjpa-jdbc,FieldMapping,class,43,1456,1022,144,openjpa-jdbc/src/main/java/org/apache/openjpa/jdbc/meta/FieldMapping.java
89,openjpa-jdbc,RowImpl,class,43,1086,800,106,openjpa-jdbc/src/main/java/org/apache/openjpa/jdbc/sql/RowImpl.java
90,openjpa-lib,Configurations,class,43,774,517,32,openjpa-lib/src/main/java/org/apache/openjpa/lib/conf/Configurations.java
91,openjpa-slice,DistributedSQLStoreQuery,class,43,292,229,12,openjpa-slice/src/main/java/org/apache/openjpa/slice/jdbc/DistributedSQLStoreQuery.java
92,openjpa-kernel,AsmHelper,class,42,696,516,24,openjpa-kernel/src/main/java/org/apache/openjpa/util/asm/AsmHelper.java
93,openjpa-kernel,ValueMetaDataImpl,class,42,566,427,48,openjpa-kernel/src/main/java/org/apache/openjpa/meta/ValueMetaDataImpl.java
94,openjpa-persistence,AnnotationProcessor6,class,42,442,310,15,openjpa-persistence/src/main/java/org/apache/openjpa/persistence/meta/AnnotationProcessor6.java
95,openjpa-lib,Files,class,41,328,216,11,openjpa-lib/src/main/java/org/apache/openjpa/lib/util/Files.java
96,openjpa-persistence-jdbc,AnnotationPersistenceMappingSerializer,class,40,814,650,35,openjpa-persistence-jdbc/src/main/java/org/apache/openjpa/persistence/jdbc/AnnotationPersistenceMappingSerializer.java
97,openjpa-persistence-jdbc,XMLPersistenceMappingSerializer,class,40,768,613,33,openjpa-persistence-jdbc/src/main/java/org/apache/openjpa/persistence/jdbc/XMLPersistenceMappingSerializer.java
98,openjpa-kernel,ApplicationIds,class,39,733,561,38,openjpa-kernel/src/main/java/org/apache/openjpa/util/ApplicationIds.java
99,openjpa-lib,Options,class,39,650,355,26,openjpa-lib/src/main/java/org/apache/openjpa/lib/util/Options.java
100,openjpa-jdbc,Schemas,class,39,244,193,5,openjpa-jdbc/src/main/java/org/apache/openjpa/jdbc/schema/Schemas.java
101,openjpa-jdbc,CollectionParam,class,39,214,159,13,openjpa-jdbc/src/main/java/org/apache/openjpa/jdbc/kernel/exps/CollectionParam.java
102,openjpa-lib,CFMetaDataParser,class,37,373,224,26,openjpa-lib/src/main/java/org/apache/openjpa/lib/meta/CFMetaDataParser.java
103,openjpa-kernel,DelegatingBrokerFactory,class,37,263,188,25,openjpa-kernel/src/main/java/org/apache/openjpa/kernel/DelegatingBrokerFactory.java
104,openjpa-kernel,InstrumentationFactory,class,36,386,224,11,openjpa-kernel/src/main/java/org/apache/openjpa/enhance/InstrumentationFactory.java
105,openjpa-kernel,JavaTypes,class,35,545,386,16,openjpa-kernel/src/main/java/org/apache/openjpa/meta/JavaTypes.java
106,openjpa-jdbc,JDBCFetchConfigurationImpl,class,35,488,384,36,openjpa-jdbc/src/main/java/org/apache/openjpa/jdbc/kernel/JDBCFetchConfigurationImpl.java
107,openjpa-kernel,DetachedStateManager,class,34,1127,918,124,openjpa-kernel/src/main/java/org/apache/openjpa/kernel/DetachedStateManager.java
108,openjpa-jdbc,QueryResultMapping,class,34,660,405,47,openjpa-jdbc/src/main/java/org/apache/openjpa/jdbc/meta/QueryResultMapping.java
109,openjpa-jdbc,SQLStoreQuery,class,34,428,295,21,openjpa-jdbc/src/main/java/org/apache/openjpa/jdbc/kernel/SQLStoreQuery.java
110,openjpa-persistence,JPAFacadeHelper,class,34,347,247,12,openjpa-persistence/src/main/java/org/apache/openjpa/persistence/JPAFacadeHelper.java
111,openjpa-persistence,OpenJPAPersistenceUtil,class,34,328,212,12,openjpa-persistence/src/main/java/org/apache/openjpa/persistence/OpenJPAPersistenceUtil.java
112,openjpa-jdbc,DBDictionaryFactory,class,33,675,574,7,openjpa-jdbc/src/main/java/org/apache/openjpa/jdbc/sql/DBDictionaryFactory.java
113,openjpa-jdbc,DBIdentifierUtilImpl,class,33,504,372,28,openjpa-jdbc/src/main/java/org/apache/openjpa/jdbc/identifier/DBIdentifierUtilImpl.java
114,openjpa-kernel,ClearableScheduler,class,33,274,196,12,openjpa-kernel/src/main/java/org/apache/openjpa/datacache/ClearableScheduler.java
115,openjpa-kernel,VersionAttachStrategy,class,32,431,311,12,openjpa-kernel/src/main/java/org/apache/openjpa/kernel/VersionAttachStrategy.java
116,openjpa-slice,DistributedTemplate,class,32,352,273,48,openjpa-slice/src/main/java/org/apache/openjpa/slice/jdbc/DistributedTemplate.java
117,openjpa-persistence,PathImpl,class,32,330,208,24,openjpa-persistence/src/main/java/org/apache/openjpa/persistence/criteria/PathImpl.java
118,openjpa-lib,LRUMap,class,32,531,193,25,openjpa-lib/src/main/java/org/apache/openjpa/lib/util/collections/LRUMap.java
119,openjpa-kernel,ManagedCache,class,31,309,196,9,openjpa-kernel/src/main/java/org/apache/openjpa/kernel/ManagedCache.java
120,openjpa-persistence,AnnotationPersistenceXMLMetaDataParser,class,31,273,188,11,openjpa-persistence/src/main/java/org/apache/openjpa/persistence/AnnotationPersistenceXMLMetaDataParser.java
121,openjpa-kernel,FillStrategy,interface,31,257,171,12,openjpa-kernel/src/main/java/org/apache/openjpa/kernel/FillStrategy.java
122,openjpa-kernel,AbstractBrokerFactory,class,30,921,579,46,openjpa-kernel/src/main/java/org/apache/openjpa/kernel/AbstractBrokerFactory.java
123,openjpa-kernel,QueryCacheStoreQuery,class,30,800,575,72,openjpa-kernel/src/main/java/org/apache/openjpa/datacache/QueryCacheStoreQuery.java
124,openjpa-slice,DistributedJDBCStoreManager,class,30,601,456,42,openjpa-slice/src/main/java/org/apache/openjpa/slice/jdbc/DistributedJDBCStoreManager.java
125,openjpa-jdbc,PrimaryRow,class,30,501,352,33,openjpa-jdbc/src/main/java/org/apache/openjpa/jdbc/sql/PrimaryRow.java
126,openjpa-kernel,DelegatingQueryCache,class,30,247,183,21,openjpa-kernel/src/main/java/org/apache/openjpa/datacache/DelegatingQueryCache.java
127,openjpa-kernel,DistinctResultList,class,30,240,178,26,openjpa-kernel/src/main/java/org/apache/openjpa/kernel/DistinctResultList.java
128,openjpa-lib,DelegatingCallableStatement,class,29,1264,970,223,openjpa-lib/src/main/java/org/apache/openjpa/lib/jdbc/DelegatingCallableStatement.java
129,openjpa-jdbc,LogicalUnion,class,29,1178,903,170,openjpa-jdbc/src/main/java/org/apache/openjpa/jdbc/sql/LogicalUnion.java
130,openjpa-jdbc,AbstractResult,class,29,1081,838,143,openjpa-jdbc/src/main/java/org/apache/openjpa/jdbc/sql/AbstractResult.java
131,openjpa-kernel,AbstractQueryCache,class,29,686,480,55,openjpa-kernel/src/main/java/org/apache/openjpa/datacache/AbstractQueryCache.java
132,openjpa-jdbc,StoreCollectionFieldStrategy,class,29,664,460,21,openjpa-jdbc/src/main/java/org/apache/openjpa/jdbc/meta/strats/StoreCollectionFieldStrategy.java
133,openjpa-jdbc,MariaDBDictionary,class,29,552,393,25,openjpa-jdbc/src/main/java/org/apache/openjpa/jdbc/sql/MariaDBDictionary.java
134,openjpa-jdbc,SQLServerDictionary,class,29,471,327,25,openjpa-jdbc/src/main/java/org/apache/openjpa/jdbc/sql/SQLServerDictionary.java
135,openjpa-junit5,OpenJPADirectoriesEnhancer,class,29,372,319,23,openjpa-junit5/src/main/java/org/apache/openjpa/junit5/internal/OpenJPADirectoriesEnhancer.java
136,openjpa-jdbc,SubQ,class,29,279,213,28,openjpa-jdbc/src/main/java/org/apache/openjpa/jdbc/kernel/exps/SubQ.java
137,openjpa-jdbc,JDBCExpressionFactory,class,28,704,553,96,openjpa-jdbc/src/main/java/org/apache/openjpa/jdbc/kernel/exps/JDBCExpressionFactory.java
138,openjpa-jdbc,MySQLDictionary,class,28,541,389,23,openjpa-jdbc/src/main/java/org/apache/openjpa/jdbc/sql/MySQLDictionary.java
139,openjpa-jdbc,AbstractUpdateManager,class,28,450,320,17,openjpa-jdbc/src/main/java/org/apache/openjpa/jdbc/kernel/AbstractUpdateManager.java
140,openjpa-slice,DistributedConnection,class,28,404,317,56,openjpa-slice/src/main/java/org/apache/openjpa/slice/jdbc/DistributedConnection.java
141,openjpa-persistence,MetamodelImpl,class,28,459,310,22,openjpa-persistence/src/main/java/org/apache/openjpa/persistence/meta/MetamodelImpl.java
142,openjpa-kernel,AbstractPCData,class,28,427,308,13,openjpa-kernel/src/main/java/org/apache/openjpa/kernel/AbstractPCData.java
143,openjpa-jdbc,BatchingPreparedStatementManagerImpl,class,28,368,254,15,openjpa-jdbc/src/main/java/org/apache/openjpa/jdbc/kernel/BatchingPreparedStatementManagerImpl.java
144,openjpa-lib,XMLMetaDataParser,class,27,781,489,66,openjpa-lib/src/main/java/org/apache/openjpa/lib/meta/XMLMetaDataParser.java
145,openjpa-persistence,PersistenceUnitInfoImpl,class,27,618,452,52,openjpa-persistence/src/main/java/org/apache/openjpa/persistence/PersistenceUnitInfoImpl.java
146,openjpa-kernel,AbstractExpressionBuilder,class,27,611,356,24,openjpa-kernel/src/main/java/org/apache/openjpa/kernel/exps/AbstractExpressionBuilder.java
147,openjpa-kernel,ResultPacker,class,27,396,277,10,openjpa-kernel/src/main/java/org/apache/openjpa/kernel/ResultPacker.java
148,openjpa-jdbc,ReverseMappingToolTask,class,27,325,161,29,openjpa-jdbc/src/main/java/org/apache/openjpa/jdbc/ant/ReverseMappingToolTask.java
149,openjpa-kernel,InterfaceImplGenerator,class,27,245,159,8,openjpa-kernel/src/main/java/org/apache/openjpa/meta/InterfaceImplGenerator.java
150,openjpa-jdbc,ResultSetResult,class,26,608,467,57,openjpa-jdbc/src/main/java/org/apache/openjpa/jdbc/sql/ResultSetResult.java
151,openjpa-jdbc,TableSchemaFactory,class,26,517,352,23,openjpa-jdbc/src/main/java/org/apache/openjpa/jdbc/schema/TableSchemaFactory.java
152,openjpa-kernel,InverseManager,class,26,425,268,19,openjpa-kernel/src/main/java/org/apache/openjpa/kernel/InverseManager.java
153,openjpa-kernel,ManagedClassSubclasser,class,26,332,229,10,openjpa-kernel/src/main/java/org/apache/openjpa/enhance/ManagedClassSubclasser.java
154,openjpa-slice,DistributedResultSet,class,25,1064,886,192,openjpa-slice/src/main/java/org/apache/openjpa/slice/jdbc/DistributedResultSet.java
155,openjpa-jdbc,ValueMappingImpl,class,25,625,489,49,openjpa-jdbc/src/main/java/org/apache/openjpa/jdbc/meta/ValueMappingImpl.java
156,openjpa-jdbc,RelationRelationMapTableFieldStrategy,class,25,584,486,24,openjpa-jdbc/src/main/java/org/apache/openjpa/jdbc/meta/strats/RelationRelationMapTableFieldStrategy.java
157,openjpa-kernel,AttachStrategy,class,25,588,423,14,openjpa-kernel/src/main/java/org/apache/openjpa/kernel/AttachStrategy.java
158,openjpa-jdbc,PreparedStatementManagerImpl,class,25,317,226,20,openjpa-jdbc/src/main/java/org/apache/openjpa/jdbc/kernel/PreparedStatementManagerImpl.java
159,openjpa-jdbc,SimpleCaseExpression,class,25,265,194,25,openjpa-jdbc/src/main/java/org/apache/openjpa/jdbc/kernel/exps/SimpleCaseExpression.java
160,openjpa-lib,LazyForwardResultList,class,25,217,161,20,openjpa-lib/src/main/java/org/apache/openjpa/lib/rop/LazyForwardResultList.java
161,openjpa-lib,RandomAccessResultList,class,25,244,156,14,openjpa-lib/src/main/java/org/apache/openjpa/lib/rop/RandomAccessResultList.java
162,openjpa-jdbc,Lit,class,25,169,119,12,openjpa-jdbc/src/main/java/org/apache/openjpa/jdbc/kernel/exps/Lit.java
163,openjpa-slice,DistributedJDBCConfigurationImpl,class,24,701,516,41,openjpa-slice/src/main/java/org/apache/openjpa/slice/jdbc/DistributedJDBCConfigurationImpl.java
164,openjpa-jdbc,HandlerFieldStrategy,class,24,467,367,28,openjpa-jdbc/src/main/java/org/apache/openjpa/jdbc/meta/strats/HandlerFieldStrategy.java
165,openjpa-jdbc,LRSProxyMap,class,24,442,365,22,openjpa-jdbc/src/main/java/org/apache/openjpa/jdbc/meta/strats/LRSProxyMap.java
166,openjpa-jdbc,XMLSchemaSerializer,class,24,470,332,27,openjpa-jdbc/src/main/java/org/apache/openjpa/jdbc/schema/XMLSchemaSerializer.java
167,openjpa-jdbc,NativeJDBCSeq,class,24,482,295,27,openjpa-jdbc/src/main/java/org/apache/openjpa/jdbc/kernel/NativeJDBCSeq.java
168,openjpa-kernel,AttachManager,class,24,370,239,11,openjpa-kernel/src/main/java/org/apache/openjpa/kernel/AttachManager.java
169,openjpa-kernel,PCClassFileTransformer,class,24,295,199,13,openjpa-kernel/src/main/java/org/apache/openjpa/enhance/PCClassFileTransformer.java
170,openjpa-jdbc,ConstPath,class,24,258,185,21,openjpa-jdbc/src/main/java/org/apache/openjpa/jdbc/kernel/exps/ConstPath.java
171,openjpa-jdbc,DBIdentifier,class,23,942,542,76,openjpa-jdbc/src/main/java/org/apache/openjpa/jdbc/identifier/DBIdentifier.java
172,openjpa-persistence,ExpressionImpl,class,23,570,435,102,openjpa-persistence/src/main/java/org/apache/openjpa/persistence/query/ExpressionImpl.java
173,openjpa-lib,DepthFirstAnalysis,class,23,347,198,16,openjpa-lib/src/main/java/org/apache/openjpa/lib/graph/DepthFirstAnalysis.java
174,openjpa-kernel,PCRegistry,class,23,287,137,19,openjpa-kernel/src/main/java/org/apache/openjpa/enhance/PCRegistry.java
175,openjpa-kernel,DelegatingExtent,class,23,198,130,18,openjpa-kernel/src/main/java/org/apache/openjpa/kernel/DelegatingExtent.java
176,openjpa-jdbc,Param,class,23,179,128,14,openjpa-jdbc/src/main/java/org/apache/openjpa/jdbc/kernel/exps/Param.java
177,openjpa-lib,WindowResultList,class,23,180,127,9,openjpa-lib/src/main/java/org/apache/openjpa/lib/rop/WindowResultList.java
178,openjpa-lib,IdentifierUtilImpl,class,22,636,485,67,openjpa-lib/src/main/java/org/apache/openjpa/lib/identifier/IdentifierUtilImpl.java
179,openjpa-kernel,AbstractDataCache,class,22,590,404,53,openjpa-kernel/src/main/java/org/apache/openjpa/datacache/AbstractDataCache.java
180,openjpa-persistence,AbstractQuery,class,22,675,403,33,openjpa-persistence/src/main/java/org/apache/openjpa/persistence/AbstractQuery.java
181,openjpa-kernel,ExtentImpl,class,22,379,278,26,openjpa-kernel/src/main/java/org/apache/openjpa/kernel/ExtentImpl.java
182,openjpa-lib,StringUtil,class,22,458,253,18,openjpa-lib/src/main/java/org/apache/openjpa/lib/util/StringUtil.java
183,openjpa-jdbc,EmbedValueHandler,class,22,324,223,10,openjpa-jdbc/src/main/java/org/apache/openjpa/jdbc/meta/strats/EmbedValueHandler.java
184,openjpa-kernel,WASManagedRuntime,class,22,376,189,21,openjpa-kernel/src/main/java/org/apache/openjpa/ee/WASManagedRuntime.java
185,openjpa-jdbc,StoredProcedureQuery,class,22,218,166,13,openjpa-jdbc/src/main/java/org/apache/openjpa/jdbc/kernel/StoredProcedureQuery.java
186,openjpa-persistence,PredicateOperand,interface,22,589,60,0,openjpa-persistence/src/main/java/org/apache/openjpa/persistence/query/PredicateOperand.java
187,openjpa-jdbc,JDBCConfigurationImpl,class,21,1077,830,87,openjpa-jdbc/src/main/java/org/apache/openjpa/jdbc/conf/JDBCConfigurationImpl.java
188,openjpa-jdbc,PagingResultObjectProvider,class,21,468,309,16,openjpa-jdbc/src/main/java/org/apache/openjpa/jdbc/kernel/PagingResultObjectProvider.java
189,openjpa-jdbc,RelationToManyInverseKeyFieldStrategy,class,21,404,309,16,openjpa-jdbc/src/main/java/org/apache/openjpa/jdbc/meta/strats/RelationToManyInverseKeyFieldStrategy.java
190,openjpa-persistence,PersistenceProviderImpl,class,21,488,294,20,openjpa-persistence/src/main/java/org/apache/openjpa/persistence/PersistenceProviderImpl.java
191,openjpa-persistence,SubqueryImpl,class,21,408,292,38,openjpa-persistence/src/main/java/org/apache/openjpa/persistence/criteria/SubqueryImpl.java
192,openjpa-lib,Value,class,21,601,288,45,openjpa-lib/src/main/java/org/apache/openjpa/lib/conf/Value.java
193,openjpa-jdbc,DataSourceFactory,class,21,331,226,9,openjpa-jdbc/src/main/java/org/apache/openjpa/jdbc/schema/DataSourceFactory.java
194,openjpa-jest,JSONObjectFormatter,class,21,304,223,9,openjpa-jest/src/main/java/org/apache/openjpa/persistence/jest/JSONObjectFormatter.java
195,openjpa-kernel,OpenJPAConfigurationImpl,class,20,2302,1851,284,openjpa-kernel/src/main/java/org/apache/openjpa/conf/OpenJPAConfigurationImpl.java
196,openjpa-jdbc,ClassMappingInfo,class,20,681,452,55,openjpa-jdbc/src/main/java/org/apache/openjpa/jdbc/meta/ClassMappingInfo.java
197,openjpa-persistence,QueryDefinitionImpl,class,20,488,382,60,openjpa-persistence/src/main/java/org/apache/openjpa/persistence/query/QueryDefinitionImpl.java
198,openjpa-persistence,EntityManagerFactoryImpl,class,20,506,381,38,openjpa-persistence/src/main/java/org/apache/openjpa/persistence/EntityManagerFactoryImpl.java
199,openjpa-jdbc,PreparedQueryImpl,class,20,458,329,21,openjpa-jdbc/src/main/java/org/apache/openjpa/jdbc/kernel/PreparedQueryImpl.java
200,openjpa-jdbc,SimpleDriverDataSource,class,20,259,193,28,openjpa-jdbc/src/main/java/org/apache/openjpa/jdbc/schema/SimpleDriverDataSource.java
201,openjpa-jdbc,MappingToolTask,class,20,273,131,23,openjpa-jdbc/src/main/java/org/apache/openjpa/jdbc/ant/MappingToolTask.java
202,openjpa-jdbc,InstanceofExpression,class,20,175,116,6,openjpa-jdbc/src/main/java/org/apache/openjpa/jdbc/kernel/exps/InstanceofExpression.java
203,openjpa-jdbc,SolidDBDictionary,class,19,544,395,22,openjpa-jdbc/src/main/java/org/apache/openjpa/jdbc/sql/SolidDBDictionary.java
204,openjpa-lib,DocTypeReader,class,19,287,162,16,openjpa-lib/src/main/java/org/apache/openjpa/lib/xml/DocTypeReader.java
205,openjpa-persistence,PredicateImpl,class,19,236,142,18,openjpa-persistence/src/main/java/org/apache/openjpa/persistence/criteria/PredicateImpl.java
206,openjpa-lib,Services,class,19,233,136,10,openjpa-lib/src/main/java/org/apache/openjpa/lib/util/Services.java
207,openjpa-lib,JDBCEventConnectionDecorator,class,18,520,436,34,openjpa-lib/src/main/java/org/apache/openjpa/lib/jdbc/JDBCEventConnectionDecorator.java
208,openjpa-jdbc,HandlerRelationMapTableFieldStrategy,class,18,498,408,23,openjpa-jdbc/src/main/java/org/apache/openjpa/jdbc/meta/strats/HandlerRelationMapTableFieldStrategy.java
209,openjpa-kernel,CodeGenerator,class,18,632,383,31,openjpa-kernel/src/main/java/org/apache/openjpa/enhance/CodeGenerator.java
210,openjpa-jdbc,ConstraintUpdateManager,class,18,561,330,18,openjpa-jdbc/src/main/java/org/apache/openjpa/jdbc/kernel/ConstraintUpdateManager.java
211,openjpa-jdbc,HSQLDictionary,class,18,417,325,22,openjpa-jdbc/src/main/java/org/apache/openjpa/jdbc/sql/HSQLDictionary.java
212,openjpa-persistence,StoredProcedureQueryImpl,class,18,423,297,44,openjpa-persistence/src/main/java/org/apache/openjpa/persistence/StoredProcedureQueryImpl.java
213,openjpa-kernel,QueryKey,class,18,483,296,19,openjpa-kernel/src/main/java/org/apache/openjpa/datacache/QueryKey.java
214,openjpa-jest,JESTContext,class,18,329,197,11,openjpa-jest/src/main/java/org/apache/openjpa/persistence/jest/JESTContext.java
215,openjpa-jdbc,Row,interface,18,524,163,0,openjpa-jdbc/src/main/java/org/apache/openjpa/jdbc/sql/Row.java
216,openjpa-kernel,LocalManagedRuntime,class,18,231,160,17,openjpa-kernel/src/main/java/org/apache/openjpa/kernel/LocalManagedRuntime.java
217,openjpa-jdbc,InExpression,class,18,244,159,12,openjpa-jdbc/src/main/java/org/apache/openjpa/jdbc/kernel/exps/InExpression.java
218,openjpa-persistence,CompoundSelections,class,18,230,147,16,openjpa-persistence/src/main/java/org/apache/openjpa/persistence/criteria/CompoundSelections.java
219,openjpa-jdbc,TypeLit,class,18,139,92,11,openjpa-jdbc/src/main/java/org/apache/openjpa/jdbc/kernel/exps/TypeLit.java
220,openjpa-lib,DelegatingResultSet,class,17,1089,846,198,openjpa-lib/src/main/java/org/apache/openjpa/lib/jdbc/DelegatingResultSet.java
221,openjpa-persistence,AbstractManagedType,class,17,1122,716,81,openjpa-persistence/src/main/java/org/apache/openjpa/persistence/meta/AbstractManagedType.java
222,openjpa-lib,J2DoPrivHelper,class,17,1215,577,112,openjpa-lib/src/main/java/org/apache/openjpa/lib/util/J2DoPrivHelper.java
223,openjpa-jdbc,MergedResult,class,17,679,532,91,openjpa-jdbc/src/main/java/org/apache/openjpa/jdbc/sql/MergedResult.java
224,openjpa-jdbc,InformixDictionary,class,17,468,314,22,openjpa-jdbc/src/main/java/org/apache/openjpa/jdbc/sql/InformixDictionary.java
225,openjpa-kernel,QueryStatistics,interface,17,441,266,41,openjpa-kernel/src/main/java/org/apache/openjpa/kernel/QueryStatistics.java
226,openjpa-kernel,SequenceMetaData,class,17,460,257,41,openjpa-kernel/src/main/java/org/apache/openjpa/meta/SequenceMetaData.java
227,openjpa-kernel,MetaDataTool,class,17,357,223,17,openjpa-kernel/src/main/java/org/apache/openjpa/meta/MetaDataTool.java
228,openjpa-jdbc,QualifiedDBIdentifier,class,17,361,210,25,openjpa-jdbc/src/main/java/org/apache/openjpa/jdbc/identifier/QualifiedDBIdentifier.java
229,openjpa-jdbc,DBCPDriverDataSource,class,17,310,195,15,openjpa-jdbc/src/main/java/org/apache/openjpa/jdbc/schema/DBCPDriverDataSource.java
230,openjpa-jdbc,GeneralCaseExpression,class,17,231,170,24,openjpa-jdbc/src/main/java/org/apache/openjpa/jdbc/kernel/exps/GeneralCaseExpression.java
231,openjpa-jdbc,ClassTableJDBCSeq,class,17,277,169,14,openjpa-jdbc/src/main/java/org/apache/openjpa/jdbc/kernel/ClassTableJDBCSeq.java
232,openjpa-slice,UniqueResultObjectProvider,class,17,216,169,10,openjpa-slice/src/main/java/org/apache/openjpa/slice/jdbc/UniqueResultObjectProvider.java
233,openjpa-kernel,MetaDataCacheMaintenance,class,17,211,146,10,openjpa-kernel/src/main/java/org/apache/openjpa/conf/MetaDataCacheMaintenance.java
234,openjpa-jdbc,PreparedSQLStoreQuery,class,17,173,115,8,openjpa-jdbc/src/main/java/org/apache/openjpa/jdbc/kernel/PreparedSQLStoreQuery.java
235,openjpa-lib,SimpleResultList,class,17,119,80,7,openjpa-lib/src/main/java/org/apache/openjpa/lib/rop/SimpleResultList.java
236,openjpa-jdbc,MappingDefaults,interface,17,411,69,0,openjpa-jdbc/src/main/java/org/apache/openjpa/jdbc/meta/MappingDefaults.java
237,openjpa-persistence,QueryImpl,class,16,692,510,52,openjpa-persistence/src/main/java/org/apache/openjpa/persistence/QueryImpl.java
238,openjpa-lib,DelegatingPreparedStatement,class,16,675,506,111,openjpa-lib/src/main/java/org/apache/openjpa/lib/jdbc/DelegatingPreparedStatement.java
239,openjpa-kernel,AbstractLRSProxyMap,class,16,565,404,49,openjpa-kernel/src/main/java/org/apache/openjpa/util/AbstractLRSProxyMap.java
240,openjpa-kernel,ProxyCollections,class,16,637,401,58,openjpa-kernel/src/main/java/org/apache/openjpa/util/proxy/ProxyCollections.java
241,openjpa-kernel,CacheMarshallerImpl,class,16,262,205,16,openjpa-kernel/src/main/java/org/apache/openjpa/conf/CacheMarshallerImpl.java
242,openjpa-jdbc,RowManagerImpl,class,16,303,199,18,openjpa-jdbc/src/main/java/org/apache/openjpa/jdbc/sql/RowManagerImpl.java
243,openjpa-kernel,LifecycleMetaData,class,16,273,161,11,openjpa-kernel/src/main/java/org/apache/openjpa/meta/LifecycleMetaData.java
244,openjpa-kernel,Exceptions,class,16,291,160,12,openjpa-kernel/src/main/java/org/apache/openjpa/util/Exceptions.java
245,openjpa-lib,MergedResultObjectProvider,class,16,239,158,13,openjpa-lib/src/main/java/org/apache/openjpa/lib/rop/MergedResultObjectProvider.java
246,openjpa-kernel,AccessCode,class,16,261,151,22,openjpa-kernel/src/main/java/org/apache/openjpa/meta/AccessCode.java
247,openjpa-persistence,PersistenceMetaDataFactory,class,15,641,473,46,openjpa-persistence/src/main/java/org/apache/openjpa/persistence/PersistenceMetaDataFactory.java
248,openjpa-jdbc,MappedQueryResultObjectProvider,class,15,543,423,58,openjpa-jdbc/src/main/java/org/apache/openjpa/jdbc/kernel/MappedQueryResultObjectProvider.java
249,openjpa-jdbc,FieldMappingInfo,class,15,470,312,34,openjpa-jdbc/src/main/java/org/apache/openjpa/jdbc/meta/FieldMappingInfo.java
250,openjpa-jdbc,Discriminator,class,15,459,286,48,openjpa-jdbc/src/main/java/org/apache/openjpa/jdbc/meta/Discriminator.java
251,openjpa-jest,AbstractCommand,class,15,358,256,26,openjpa-jest/src/main/java/org/apache/openjpa/persistence/jest/AbstractCommand.java
252,openjpa-kernel,MethodStoreQuery,class,15,320,244,14,openjpa-kernel/src/main/java/org/apache/openjpa/kernel/MethodStoreQuery.java
253,openjpa-jdbc,RelationToManyTableFieldStrategy,class,15,303,237,14,openjpa-jdbc/src/main/java/org/apache/openjpa/jdbc/meta/strats/RelationToManyTableFieldStrategy.java
254,openjpa-lib,XMLMetaDataSerializer,class,15,362,225,22,openjpa-lib/src/main/java/org/apache/openjpa/lib/meta/XMLMetaDataSerializer.java
255,openjpa-persistence,ValidatorImpl,class,15,395,223,18,openjpa-persistence/src/main/java/org/apache/openjpa/persistence/validation/ValidatorImpl.java
256,openjpa-jdbc,HandlerStrategies,class,15,280,192,11,openjpa-jdbc/src/main/java/org/apache/openjpa/jdbc/meta/strats/HandlerStrategies.java
257,openjpa-kernel,SavepointFieldManager,class,15,249,155,15,openjpa-kernel/src/main/java/org/apache/openjpa/kernel/SavepointFieldManager.java
258,openjpa-lib,ClassUtil,class,15,213,139,8,openjpa-lib/src/main/java/org/apache/openjpa/lib/util/ClassUtil.java
259,openjpa-jdbc,NotEqualTypeExpression,class,15,157,116,4,openjpa-jdbc/src/main/java/org/apache/openjpa/jdbc/kernel/exps/NotEqualTypeExpression.java
260,openjpa-jdbc,SQLErrorCodeReader,class,15,155,114,3,openjpa-jdbc/src/main/java/org/apache/openjpa/jdbc/sql/SQLErrorCodeReader.java
261,openjpa-jdbc,EqualTypeExpression,class,15,147,106,4,openjpa-jdbc/src/main/java/org/apache/openjpa/jdbc/kernel/exps/EqualTypeExpression.java
262,openjpa-jest,JESTServlet,class,15,180,99,8,openjpa-jest/src/main/java/org/apache/openjpa/persistence/jest/JESTServlet.java
263,openjpa-lib,SLF4JLogFactory,class,15,152,93,22,openjpa-lib/src/main/java/org/apache/openjpa/lib/log/SLF4JLogFactory.java
264,openjpa-kernel,DelayedPriorityQueueProxy,class,14,458,370,50,openjpa-kernel/src/main/java/org/apache/openjpa/util/proxy/DelayedPriorityQueueProxy.java
265,openjpa-kernel,ReflectingPersistenceCapable,class,14,423,331,37,openjpa-kernel/src/main/java/org/apache/openjpa/enhance/ReflectingPersistenceCapable.java
266,openjpa-jdbc,SybaseDictionary,class,14,499,318,21,openjpa-jdbc/src/main/java/org/apache/openjpa/jdbc/sql/SybaseDictionary.java
267,openjpa-jdbc,ColumnVersionStrategy,class,14,381,271,12,openjpa-jdbc/src/main/java/org/apache/openjpa/jdbc/meta/strats/ColumnVersionStrategy.java
268,openjpa-jdbc,ValueMappingInfo,class,14,402,265,28,openjpa-jdbc/src/main/java/org/apache/openjpa/jdbc/meta/ValueMappingInfo.java
269,openjpa-jdbc,MapTableFieldStrategy,class,14,338,261,22,openjpa-jdbc/src/main/java/org/apache/openjpa/jdbc/meta/strats/MapTableFieldStrategy.java
270,openjpa-kernel,CacheStatisticsImpl,class,14,250,185,33,openjpa-kernel/src/main/java/org/apache/openjpa/datacache/CacheStatisticsImpl.java
271,openjpa-jdbc,Args,class,14,246,177,29,openjpa-jdbc/src/main/java/org/apache/openjpa/jdbc/kernel/exps/Args.java
272,openjpa-lib,MultiClassLoader,class,14,294,174,20,openjpa-lib/src/main/java/org/apache/openjpa/lib/util/MultiClassLoader.java
273,openjpa-jdbc,CoalesceExpression,class,14,212,150,23,openjpa-jdbc/src/main/java/org/apache/openjpa/jdbc/kernel/exps/CoalesceExpression.java
274,openjpa-lib,ParameterTemplate,class,14,260,137,21,openjpa-lib/src/main/java/org/apache/openjpa/lib/util/ParameterTemplate.java
275,openjpa-kernel,DetachedStateAttachStrategy,class,14,200,127,3,openjpa-kernel/src/main/java/org/apache/openjpa/kernel/DetachedStateAttachStrategy.java
276,openjpa-kernel,Bootstrap,class,14,171,108,7,openjpa-kernel/src/main/java/org/apache/openjpa/kernel/Bootstrap.java
277,openjpa-persistence,PersistenceListenerAdapter,class,14,135,95,14,openjpa-persistence/src/main/java/org/apache/openjpa/persistence/PersistenceListenerAdapter.java
278,openjpa-lib,JavaVersions,class,14,129,78,4,openjpa-lib/src/main/java/org/apache/openjpa/lib/util/JavaVersions.java
279,openjpa-lib,XMLWriter,class,14,139,76,5,openjpa-lib/src/main/java/org/apache/openjpa/lib/xml/XMLWriter.java
280,openjpa-kernel,QueryHints,interface,14,112,18,0,openjpa-kernel/src/main/java/org/apache/openjpa/kernel/QueryHints.java
281,openjpa-persistence,CriteriaBuilderImpl,class,13,1047,775,171,openjpa-persistence/src/main/java/org/apache/openjpa/persistence/criteria/CriteriaBuilderImpl.java
282,openjpa-kernel,DelayedVectorProxy,class,13,686,578,72,openjpa-kernel/src/main/java/org/apache/openjpa/util/proxy/DelayedVectorProxy.java
283,openjpa-jdbc,PrimitiveFieldStrategy,class,13,440,349,26,openjpa-jdbc/src/main/java/org/apache/openjpa/jdbc/meta/strats/PrimitiveFieldStrategy.java
284,openjpa-kernel,DataCachePCDataGenerator,class,13,326,227,9,openjpa-kernel/src/main/java/org/apache/openjpa/datacache/DataCachePCDataGenerator.java
285,openjpa-kernel,FetchGroup,class,13,393,220,19,openjpa-kernel/src/main/java/org/apache/openjpa/meta/FetchGroup.java
286,openjpa-jdbc,Schema,class,13,354,218,26,openjpa-jdbc/src/main/java/org/apache/openjpa/jdbc/schema/Schema.java
287,openjpa-kernel,JMSRemoteCommitProvider,class,13,292,194,13,openjpa-kernel/src/main/java/org/apache/openjpa/event/JMSRemoteCommitProvider.java
288,openjpa-jdbc,StoredProcedure,class,13,340,191,26,openjpa-jdbc/src/main/java/org/apache/openjpa/jdbc/sql/StoredProcedure.java
289,openjpa-persistence,OpenJPAPersistence,class,13,344,162,23,openjpa-persistence/src/main/java/org/apache/openjpa/persistence/OpenJPAPersistence.java
290,openjpa-kernel,CandidatePath,class,13,233,158,19,openjpa-kernel/src/main/java/org/apache/openjpa/kernel/exps/CandidatePath.java
291,openjpa-jdbc,PropertiesReverseCustomizer,class,13,245,152,14,openjpa-jdbc/src/main/java/org/apache/openjpa/jdbc/meta/PropertiesReverseCustomizer.java
292,openjpa-persistence,AnnotationBuilder,class,13,201,149,16,openjpa-persistence/src/main/java/org/apache/openjpa/persistence/AnnotationBuilder.java
293,openjpa-lib,FileMetaDataIterator,class,13,198,141,11,openjpa-lib/src/main/java/org/apache/openjpa/lib/meta/FileMetaDataIterator.java
294,openjpa-lib,ClassMetaDataIterator,class,13,204,139,7,openjpa-lib/src/main/java/org/apache/openjpa/lib/meta/ClassMetaDataIterator.java
295,openjpa-jdbc,ValueTableJDBCSeq,class,13,216,122,9,openjpa-jdbc/src/main/java/org/apache/openjpa/jdbc/kernel/ValueTableJDBCSeq.java
296,openjpa-kernel,JMXProvider,class,13,192,112,8,openjpa-kernel/src/main/java/org/apache/openjpa/instrumentation/jmx/JMXProvider.java
297,openjpa-lib,ResultObjectProviderIterator,class,13,116,73,6,openjpa-lib/src/main/java/org/apache/openjpa/lib/rop/ResultObjectProviderIterator.java
298,openjpa-kernel,CacheMap,class,12,688,436,56,openjpa-kernel/src/main/java/org/apache/openjpa/util/CacheMap.java
299,openjpa-kernel,DelayedArrayListProxy,class,12,487,404,52,openjpa-kernel/src/main/java/org/apache/openjpa/util/proxy/DelayedArrayListProxy.java
300,openjpa-jdbc,SchemaGroup,class,12,604,371,49,openjpa-jdbc/src/main/java/org/apache/openjpa/jdbc/schema/SchemaGroup.java
301,openjpa-jdbc,FirebirdDictionary,class,12,502,348,19,openjpa-jdbc/src/main/java/org/apache/openjpa/jdbc/sql/FirebirdDictionary.java
302,openjpa-kernel,Extensions,class,12,476,269,36,openjpa-kernel/src/main/java/org/apache/openjpa/meta/Extensions.java
303,openjpa-kernel,ProxySetupStateManager,class,12,349,261,47,openjpa-kernel/src/main/java/org/apache/openjpa/meta/ProxySetupStateManager.java
304,openjpa-jdbc,HandlerCollectionTableFieldStrategy,class,12,332,259,20,openjpa-jdbc/src/main/java/org/apache/openjpa/jdbc/meta/strats/HandlerCollectionTableFieldStrategy.java
305,openjpa-jdbc,AbstractJDBCSeq,class,12,230,127,13,openjpa-jdbc/src/main/java/org/apache/openjpa/jdbc/kernel/AbstractJDBCSeq.java
306,openjpa-lib,JULLogFactory,class,12,159,113,21,openjpa-lib/src/main/java/org/apache/openjpa/lib/log/JULLogFactory.java
307,openjpa-persistence,HintValueConverter,interface,12,198,111,12,openjpa-persistence/src/main/java/org/apache/openjpa/persistence/HintValueConverter.java
308,openjpa-kernel,OpenJPAVersion,class,12,149,101,4,openjpa-kernel/src/main/java/org/apache/openjpa/conf/OpenJPAVersion.java
309,openjpa-persistence-jdbc,JDBCPersistenceProductDerivation,class,12,149,97,6,openjpa-persistence-jdbc/src/main/java/org/apache/openjpa/persistence/jdbc/JDBCPersistenceProductDerivation.java
310,openjpa-kernel,TransactionEventManager,class,12,134,84,6,openjpa-kernel/src/main/java/org/apache/openjpa/event/TransactionEventManager.java
311,openjpa-lib,AbstractEmptyIterator,class,12,76,36,11,openjpa-lib/src/main/java/org/apache/openjpa/lib/util/collections/AbstractEmptyIterator.java
312,openjpa-lib,DelegatingDatabaseMetaData,class,11,1016,795,182,openjpa-lib/src/main/java/org/apache/openjpa/lib/jdbc/DelegatingDatabaseMetaData.java
313,openjpa-kernel,ObjectIdStateManager,class,11,890,693,142,openjpa-kernel/src/main/java/org/apache/openjpa/kernel/ObjectIdStateManager.java
314,openjpa-kernel,DelayedLinkedListProxy,class,11,724,607,73,openjpa-kernel/src/main/java/org/apache/openjpa/util/proxy/DelayedLinkedListProxy.java
315,openjpa-persistence,AbstractDomainObject,class,11,387,250,60,openjpa-persistence/src/main/java/org/apache/openjpa/persistence/query/AbstractDomainObject.java
316,openjpa-kernel,AbstractMetaDataDefaults,class,11,429,244,34,openjpa-kernel/src/main/java/org/apache/openjpa/meta/AbstractMetaDataDefaults.java
317,openjpa-persistence,PersistenceExceptions,class,11,345,225,14,openjpa-persistence/src/main/java/org/apache/openjpa/persistence/PersistenceExceptions.java
318,openjpa-lib,LogFactoryImpl,class,11,372,220,26,openjpa-lib/src/main/java/org/apache/openjpa/lib/log/LogFactoryImpl.java
319,openjpa-persistence,Members,class,11,387,204,36,openjpa-persistence/src/main/java/org/apache/openjpa/persistence/meta/Members.java
320,openjpa-persistence-jdbc,PersistenceMappingDefaults,class,11,261,181,13,openjpa-persistence-jdbc/src/main/java/org/apache/openjpa/persistence/jdbc/PersistenceMappingDefaults.java
321,openjpa-jdbc,DynamicSchemaFactory,class,11,259,159,24,openjpa-jdbc/src/main/java/org/apache/openjpa/jdbc/schema/DynamicSchemaFactory.java
322,openjpa-lib,Localizer,class,11,313,155,21,openjpa-lib/src/main/java/org/apache/openjpa/lib/util/Localizer.java
323,openjpa-kernel,Context,class,11,230,145,23,openjpa-kernel/src/main/java/org/apache/openjpa/kernel/exps/Context.java
324,openjpa-lib,UUIDGenerator,class,11,283,132,10,openjpa-lib/src/main/java/org/apache/openjpa/lib/util/UUIDGenerator.java
325,openjpa-jdbc,FoxProDictionary,class,11,191,124,10,openjpa-jdbc/src/main/java/org/apache/openjpa/jdbc/sql/FoxProDictionary.java
326,openjpa-kernel,QueryExpressions,class,11,201,124,11,openjpa-kernel/src/main/java/org/apache/openjpa/kernel/exps/QueryExpressions.java
327,openjpa-slice,DistributedBrokerImpl,class,11,182,114,13,openjpa-slice/src/main/java/org/apache/openjpa/slice/DistributedBrokerImpl.java
328,openjpa-persistence,CompareByExample,class,11,129,93,1,openjpa-persistence/src/main/java/org/apache/openjpa/persistence/criteria/CompareByExample.java
329,openjpa-persistence,ValidationUtils,class,11,151,82,2,openjpa-persistence/src/main/java/org/apache/openjpa/persistence/validation/ValidationUtils.java
330,openjpa-kernel,DelegatingSeq,class,11,141,81,12,openjpa-kernel/src/main/java/org/apache/openjpa/kernel/DelegatingSeq.java
331,openjpa-jdbc,ConstGetObjectId,class,11,120,74,10,openjpa-jdbc/src/main/java/org/apache/openjpa/jdbc/kernel/exps/ConstGetObjectId.java
332,openjpa-jdbc,SchemaToolTask,class,11,163,73,14,openjpa-jdbc/src/main/java/org/apache/openjpa/jdbc/ant/SchemaToolTask.java
333,openjpa-kernel,WLSManagedRuntime,class,11,87,46,4,openjpa-kernel/src/main/java/org/apache/openjpa/ee/WLSManagedRuntime.java
334,openjpa-persistence,AliasContext,class,11,86,44,6,openjpa-persistence/src/main/java/org/apache/openjpa/persistence/query/AliasContext.java
335,openjpa-jdbc,MappingDefaultsImpl,class,10,982,610,106,openjpa-jdbc/src/main/java/org/apache/openjpa/jdbc/meta/MappingDefaultsImpl.java
336,openjpa-kernel,DelayedTreeSetProxy,class,10,534,435,60,openjpa-kernel/src/main/java/org/apache/openjpa/util/proxy/DelayedTreeSetProxy.java
337,openjpa-kernel,AbstractLRSProxyCollection,class,10,460,325,40,openjpa-kernel/src/main/java/org/apache/openjpa/util/AbstractLRSProxyCollection.java
338,openjpa-kernel,DelayedHashSetProxy,class,10,397,317,44,openjpa-kernel/src/main/java/org/apache/openjpa/util/proxy/DelayedHashSetProxy.java
339,openjpa-kernel,DelayedLinkedHashSetProxy,class,10,395,317,44,openjpa-kernel/src/main/java/org/apache/openjpa/util/proxy/DelayedLinkedHashSetProxy.java
340,openjpa-jdbc,Version,class,10,412,256,43,openjpa-jdbc/src/main/java/org/apache/openjpa/jdbc/meta/Version.java
341,openjpa-jdbc,Extension,class,10,245,175,23,openjpa-jdbc/src/main/java/org/apache/openjpa/jdbc/kernel/exps/Extension.java
342,openjpa-kernel,RemoteCommitEventManager,class,10,267,163,18,openjpa-kernel/src/main/java/org/apache/openjpa/event/RemoteCommitEventManager.java
343,openjpa-jdbc,PessimisticLockManager,class,10,247,160,13,openjpa-jdbc/src/main/java/org/apache/openjpa/jdbc/kernel/PessimisticLockManager.java
344,openjpa-jdbc,Constraint,class,10,281,151,25,openjpa-jdbc/src/main/java/org/apache/openjpa/jdbc/schema/Constraint.java
345,openjpa-kernel,Serialization,class,10,219,139,14,openjpa-kernel/src/main/java/org/apache/openjpa/util/Serialization.java
346,openjpa-jdbc,MatchesExpression,class,10,174,108,6,openjpa-jdbc/src/main/java/org/apache/openjpa/jdbc/kernel/exps/MatchesExpression.java
347,openjpa-lib,ZipStreamMetaDataIterator,class,10,159,100,12,openjpa-lib/src/main/java/org/apache/openjpa/lib/meta/ZipStreamMetaDataIterator.java
348,openjpa-jest,PrototypeFactory,class,10,127,58,4,openjpa-jest/src/main/java/org/apache/openjpa/persistence/jest/PrototypeFactory.java
349,openjpa-persistence,QueryDefinition,interface,10,563,56,0,openjpa-persistence/src/main/java/org/apache/openjpa/persistence/query/QueryDefinition.java
350,openjpa-persistence,CompileTimeLogger,class,10,93,54,7,openjpa-persistence/src/main/java/org/apache/openjpa/persistence/meta/CompileTimeLogger.java
351,openjpa-persistence,FetchPlanImpl,class,9,502,372,61,openjpa-persistence/src/main/java/org/apache/openjpa/persistence/FetchPlanImpl.java
352,openjpa-lib,CodeFormat,class,9,603,280,59,openjpa-lib/src/main/java/org/apache/openjpa/lib/util/CodeFormat.java
353,openjpa-xmlstore,ObjectData,class,9,391,226,16,openjpa-xmlstore/src/main/java/org/apache/openjpa/xmlstore/ObjectData.java
354,openjpa-kernel,ImplHelper,class,9,334,203,15,openjpa-kernel/src/main/java/org/apache/openjpa/util/ImplHelper.java
355,openjpa-jdbc,Result,interface,9,648,196,0,openjpa-jdbc/src/main/java/org/apache/openjpa/jdbc/sql/Result.java
356,openjpa-persistence,CaseExpressionImpl,class,9,235,180,28,openjpa-persistence/src/main/java/org/apache/openjpa/persistence/query/CaseExpressionImpl.java
357,openjpa-jdbc,GetMapValue,class,9,231,166,18,openjpa-jdbc/src/main/java/org/apache/openjpa/jdbc/kernel/exps/GetMapValue.java
358,openjpa-kernel,SaveFieldManager,class,9,248,148,9,openjpa-kernel/src/main/java/org/apache/openjpa/kernel/SaveFieldManager.java
359,openjpa-jdbc,LazySchemaFactory,class,9,226,146,18,openjpa-jdbc/src/main/java/org/apache/openjpa/jdbc/schema/LazySchemaFactory.java
360,openjpa-lib,PluginListValue,class,9,219,145,12,openjpa-lib/src/main/java/org/apache/openjpa/lib/conf/PluginListValue.java
361,openjpa-jdbc,ElementEmbedValueHandler,class,9,208,137,9,openjpa-jdbc/src/main/java/org/apache/openjpa/jdbc/meta/strats/ElementEmbedValueHandler.java
362,openjpa-kernel,RegistryManagedRuntime,class,9,225,137,21,openjpa-kernel/src/main/java/org/apache/openjpa/ee/RegistryManagedRuntime.java
363,openjpa-lib,AbstractTask,class,9,223,132,13,openjpa-lib/src/main/java/org/apache/openjpa/lib/ant/AbstractTask.java
364,openjpa-lib,IdentifierRule,class,9,208,131,26,openjpa-lib/src/main/java/org/apache/openjpa/lib/identifier/IdentifierRule.java
365,openjpa-jdbc,LocalConstraint,class,9,203,108,13,openjpa-jdbc/src/main/java/org/apache/openjpa/jdbc/schema/LocalConstraint.java
366,openjpa-jdbc,MappingFactoryValue,class,9,175,104,5,openjpa-jdbc/src/main/java/org/apache/openjpa/jdbc/conf/MappingFactoryValue.java
367,openjpa-persistence,TupleImpl,class,9,126,72,8,openjpa-persistence/src/main/java/org/apache/openjpa/persistence/TupleImpl.java
368,openjpa-kernel,OrderingMergedResultObjectProvider,class,9,113,70,6,openjpa-kernel/src/main/java/org/apache/openjpa/kernel/OrderingMergedResultObjectProvider.java
369,openjpa-lib,BreadthFirstWalk,class,9,135,67,8,openjpa-lib/src/main/java/org/apache/openjpa/lib/graph/BreadthFirstWalk.java
370,openjpa-jdbc,EqualExpression,class,9,108,59,2,openjpa-jdbc/src/main/java/org/apache/openjpa/jdbc/kernel/exps/EqualExpression.java
371,openjpa-lib,IdentifierUtil,interface,9,327,58,0,openjpa-lib/src/main/java/org/apache/openjpa/lib/identifier/IdentifierUtil.java
372,openjpa-kernel,EnhancementProject,class,9,139,56,7,openjpa-kernel/src/main/java/org/apache/openjpa/util/asm/EnhancementProject.java
373,openjpa-kernel,AbstractManagedRuntime,class,9,110,54,2,openjpa-kernel/src/main/java/org/apache/openjpa/ee/AbstractManagedRuntime.java
374,openjpa-kernel,AutoDetachValue,class,9,93,53,5,openjpa-kernel/src/main/java/org/apache/openjpa/conf/AutoDetachValue.java
375,openjpa-kernel,ROPStoreManager,class,9,85,44,5,openjpa-kernel/src/main/java/org/apache/openjpa/kernel/ROPStoreManager.java
376,openjpa-persistence,BundleUtils,class,9,65,27,2,openjpa-persistence/src/main/java/org/apache/openjpa/persistence/osgi/BundleUtils.java
377,openjpa-jdbc,H2Dictionary,class,8,486,411,27,openjpa-jdbc/src/main/java/org/apache/openjpa/jdbc/sql/H2Dictionary.java
378,openjpa-lib,DualTreeBidiMap,class,8,412,250,40,openjpa-lib/src/main/java/org/apache/openjpa/lib/util/collections/DualTreeBidiMap.java
379,openjpa-jdbc,IngresDictionary,class,8,319,212,8,openjpa-jdbc/src/main/java/org/apache/openjpa/jdbc/sql/IngresDictionary.java
380,openjpa-lib,SQLFormatter,class,8,275,171,16,openjpa-lib/src/main/java/org/apache/openjpa/lib/jdbc/SQLFormatter.java
381,openjpa-jdbc,Trim,class,8,232,167,21,openjpa-jdbc/src/main/java/org/apache/openjpa/jdbc/kernel/exps/Trim.java
382,openjpa-lib,MultiLogFactory,class,8,218,143,24,openjpa-lib/src/main/java/org/apache/openjpa/lib/log/MultiLogFactory.java
383,openjpa-jdbc,Const,class,8,211,142,20,openjpa-jdbc/src/main/java/org/apache/openjpa/jdbc/kernel/exps/Const.java
384,openjpa-jdbc,FinderQueryImpl,class,8,197,141,10,openjpa-jdbc/src/main/java/org/apache/openjpa/jdbc/kernel/FinderQueryImpl.java
385,openjpa-lib,AbstractInstrumentationProvider,class,8,195,140,21,openjpa-lib/src/main/java/org/apache/openjpa/lib/instrumentation/AbstractInstrumentationProvider.java
386,openjpa-jdbc,SecondaryRow,class,8,197,136,11,openjpa-jdbc/src/main/java/org/apache/openjpa/jdbc/sql/SecondaryRow.java
387,openjpa-kernel,ClassLoaderProxyService,class,8,169,129,9,openjpa-kernel/src/main/java/org/apache/openjpa/util/ClassLoaderProxyService.java
388,openjpa-lib,JarFileURLMetaDataIterator,class,8,199,129,8,openjpa-lib/src/main/java/org/apache/openjpa/lib/meta/JarFileURLMetaDataIterator.java
389,openjpa-jest,MetamodelHelper,class,8,185,118,11,openjpa-jest/src/main/java/org/apache/openjpa/persistence/jest/MetamodelHelper.java
390,openjpa-lib,IteratorChain,class,8,281,94,14,openjpa-lib/src/main/java/org/apache/openjpa/lib/util/collections/IteratorChain.java
391,openjpa-kernel,Val,class,8,150,89,14,openjpa-kernel/src/main/java/org/apache/openjpa/kernel/exps/Val.java
392,openjpa-kernel,Specification,class,8,165,82,14,openjpa-kernel/src/main/java/org/apache/openjpa/conf/Specification.java
393,openjpa-lib,TemporaryClassLoader,class,8,127,72,5,openjpa-lib/src/main/java/org/apache/openjpa/lib/util/TemporaryClassLoader.java
394,openjpa-jest,QueryCommand,class,8,105,68,5,openjpa-jest/src/main/java/org/apache/openjpa/persistence/jest/QueryCommand.java
395,openjpa-kernel,ClassRedefiner,class,8,114,60,3,openjpa-kernel/src/main/java/org/apache/openjpa/enhance/ClassRedefiner.java
396,openjpa-jdbc,NotEqualExpression,class,8,84,51,2,openjpa-jdbc/src/main/java/org/apache/openjpa/jdbc/kernel/exps/NotEqualExpression.java
397,openjpa-kernel,MetaDataToolTask,class,8,94,51,5,openjpa-kernel/src/main/java/org/apache/openjpa/ant/MetaDataToolTask.java
398,openjpa-kernel,DateId,class,8,82,43,10,openjpa-kernel/src/main/java/org/apache/openjpa/util/DateId.java
399,openjpa-jdbc,ProjectionResultObjectProvider,class,8,84,37,3,openjpa-jdbc/src/main/java/org/apache/openjpa/jdbc/kernel/ProjectionResultObjectProvider.java
400,openjpa-kernel,Exp,class,8,83,36,5,openjpa-kernel/src/main/java/org/apache/openjpa/kernel/exps/Exp.java
401,openjpa-lib,SimpleResourceBundleProvider,class,8,54,23,1,openjpa-lib/src/main/java/org/apache/openjpa/lib/util/SimpleResourceBundleProvider.java
402,openjpa-jdbc,PreparedQueryCacheImpl,class,7,501,364,38,openjpa-jdbc/src/main/java/org/apache/openjpa/jdbc/kernel/PreparedQueryCacheImpl.java
403,openjpa-jdbc,FinderCacheImpl,class,7,413,277,25,openjpa-jdbc/src/main/java/org/apache/openjpa/jdbc/kernel/FinderCacheImpl.java
404,openjpa-kernel,AuditManager,class,7,389,268,37,openjpa-kernel/src/main/java/org/apache/openjpa/kernel/AuditManager.java
405,openjpa-jdbc,StartsWithExpression,class,7,328,240,39,openjpa-jdbc/src/main/java/org/apache/openjpa/jdbc/kernel/exps/StartsWithExpression.java
406,openjpa-jdbc,MaxEmbeddedLobFieldStrategy,class,7,282,204,17,openjpa-jdbc/src/main/java/org/apache/openjpa/jdbc/meta/strats/MaxEmbeddedLobFieldStrategy.java
407,openjpa-kernel,ResultShape,class,7,392,190,25,openjpa-kernel/src/main/java/org/apache/openjpa/kernel/ResultShape.java
408,openjpa-jdbc,RelationStrategies,class,7,253,167,11,openjpa-jdbc/src/main/java/org/apache/openjpa/jdbc/meta/strats/RelationStrategies.java
409,openjpa-jdbc,Sequence,class,7,275,155,32,openjpa-jdbc/src/main/java/org/apache/openjpa/jdbc/schema/Sequence.java
410,openjpa-lib,ListIteratorWrapper,class,7,270,134,11,openjpa-lib/src/main/java/org/apache/openjpa/lib/util/collections/ListIteratorWrapper.java
411,openjpa-lib,ComparatorChain,class,7,353,131,18,openjpa-lib/src/main/java/org/apache/openjpa/lib/util/collections/ComparatorChain.java
412,openjpa-kernel,AbstractChangeTracker,class,7,244,129,19,openjpa-kernel/src/main/java/org/apache/openjpa/util/AbstractChangeTracker.java
413,openjpa-lib,ZipFileMetaDataIterator,class,7,163,112,9,openjpa-lib/src/main/java/org/apache/openjpa/lib/meta/ZipFileMetaDataIterator.java
414,openjpa-jdbc,BooleanRepresentationFactory,class,7,222,111,14,openjpa-jdbc/src/main/java/org/apache/openjpa/jdbc/sql/BooleanRepresentationFactory.java
415,openjpa-jest,TokenReplacedStream,class,7,189,105,8,openjpa-jest/src/main/java/org/apache/openjpa/persistence/jest/TokenReplacedStream.java
416,openjpa-jdbc,CompareEqualExpression,class,7,150,96,8,openjpa-jdbc/src/main/java/org/apache/openjpa/jdbc/kernel/exps/CompareEqualExpression.java
417,openjpa-kernel,OSGiManagedRuntime,class,7,179,86,7,openjpa-kernel/src/main/java/org/apache/openjpa/ee/OSGiManagedRuntime.java
418,openjpa-lib,StringListValue,class,7,151,86,9,openjpa-lib/src/main/java/org/apache/openjpa/lib/conf/StringListValue.java
419,openjpa-kernel,AbstractStoreBrokerFactory,class,7,153,81,6,openjpa-kernel/src/main/java/org/apache/openjpa/abstractstore/AbstractStoreBrokerFactory.java
420,openjpa-lib,XMLFactory,class,7,134,78,4,openjpa-lib/src/main/java/org/apache/openjpa/lib/xml/XMLFactory.java
421,openjpa-kernel,Proxies,class,7,174,77,5,openjpa-kernel/src/main/java/org/apache/openjpa/util/Proxies.java
422,openjpa-lib,SimpleRegex,class,7,145,66,3,openjpa-lib/src/main/java/org/apache/openjpa/lib/util/SimpleRegex.java
423,openjpa-kernel,BeanLifecycleCallbacks,class,7,104,61,6,openjpa-kernel/src/main/java/org/apache/openjpa/event/BeanLifecycleCallbacks.java
424,openjpa-jdbc,CurrentDate,class,7,91,56,6,openjpa-jdbc/src/main/java/org/apache/openjpa/jdbc/kernel/exps/CurrentDate.java
425,openjpa-kernel,ApplicationIdToolTask,class,7,115,47,9,openjpa-kernel/src/main/java/org/apache/openjpa/ant/ApplicationIdToolTask.java
426,openjpa-lib,ZipResourceBundleProvider,class,7,74,41,1,openjpa-lib/src/main/java/org/apache/openjpa/lib/util/ZipResourceBundleProvider.java
427,openjpa-lib,ProductDerivation,interface,7,172,31,0,openjpa-lib/src/main/java/org/apache/openjpa/lib/conf/ProductDerivation.java
428,openjpa-persistence,CaseExpression,interface,7,300,27,0,openjpa-persistence/src/main/java/org/apache/openjpa/persistence/query/CaseExpression.java
429,openjpa-lib,EagerResultList,class,7,52,22,1,openjpa-lib/src/main/java/org/apache/openjpa/lib/rop/EagerResultList.java
430,openjpa-kernel,MetaDataModes,interface,7,40,11,0,openjpa-kernel/src/main/java/org/apache/openjpa/meta/MetaDataModes.java
431,openjpa-kernel,AutoDetach,interface,7,55,10,0,openjpa-kernel/src/main/java/org/apache/openjpa/kernel/AutoDetach.java
432,openjpa-kernel,PCDataImpl,class,6,363,244,34,openjpa-kernel/src/main/java/org/apache/openjpa/kernel/PCDataImpl.java
433,openjpa-jdbc,HandlerHandlerMapTableFieldStrategy,class,6,281,217,16,openjpa-jdbc/src/main/java/org/apache/openjpa/jdbc/meta/strats/HandlerHandlerMapTableFieldStrategy.java
434,openjpa-jdbc,StringFieldStrategy,class,6,292,214,25,openjpa-jdbc/src/main/java/org/apache/openjpa/jdbc/meta/strats/StringFieldStrategy.java
435,openjpa-jdbc,LobFieldStrategy,class,6,240,191,14,openjpa-jdbc/src/main/java/org/apache/openjpa/jdbc/meta/strats/LobFieldStrategy.java
436,openjpa-jdbc,JDBCBrokerFactory,class,6,257,182,14,openjpa-jdbc/src/main/java/org/apache/openjpa/jdbc/kernel/JDBCBrokerFactory.java
437,openjpa-xmlstore,XMLStoreManager,class,6,300,173,14,openjpa-xmlstore/src/main/java/org/apache/openjpa/xmlstore/XMLStoreManager.java
438,openjpa-jdbc,EndsWithExpression,class,6,234,169,22,openjpa-jdbc/src/main/java/org/apache/openjpa/jdbc/kernel/exps/EndsWithExpression.java
439,openjpa-jest,JSONObject,class,6,247,162,17,openjpa-jest/src/main/java/org/apache/openjpa/json/JSONObject.java
440,openjpa-jest,JSONObject,class,6,247,162,17,openjpa-jest/src/main/java/org/apache/openjpa/persistence/jest/JSONObject.java
441,openjpa-lib,AbstractNonSequentialResultList,class,6,212,155,19,openjpa-lib/src/main/java/org/apache/openjpa/lib/rop/AbstractNonSequentialResultList.java
442,openjpa-jdbc,ObjectIdValueHandler,class,6,185,137,10,openjpa-jdbc/src/main/java/org/apache/openjpa/jdbc/meta/strats/ObjectIdValueHandler.java
443,openjpa-jdbc,UnaryOp,class,6,209,136,22,openjpa-jdbc/src/main/java/org/apache/openjpa/jdbc/kernel/exps/UnaryOp.java
444,openjpa-jdbc,Normalizer,class,6,284,128,22,openjpa-jdbc/src/main/java/org/apache/openjpa/jdbc/identifier/Normalizer.java
445,openjpa-persistence,JPAProperties,class,6,224,110,10,openjpa-persistence/src/main/java/org/apache/openjpa/persistence/JPAProperties.java
446,openjpa-jdbc,SQLProjectionResultObjectProvider,class,6,140,93,10,openjpa-jdbc/src/main/java/org/apache/openjpa/jdbc/kernel/SQLProjectionResultObjectProvider.java
447,openjpa-kernel,DynamicTCPRemoteCommitProvider,class,6,124,84,6,openjpa-kernel/src/main/java/org/apache/openjpa/event/DynamicTCPRemoteCommitProvider.java
448,openjpa-kernel,VersionLockManager,class,6,165,76,12,openjpa-kernel/src/main/java/org/apache/openjpa/kernel/VersionLockManager.java
449,openjpa-kernel,InMemoryValueOrder,class,6,124,75,6,openjpa-kernel/src/main/java/org/apache/openjpa/meta/InMemoryValueOrder.java
450,openjpa-persistence,RootImpl,class,6,124,75,7,openjpa-persistence/src/main/java/org/apache/openjpa/persistence/criteria/RootImpl.java
451,openjpa-kernel,ExtractDateTimePart,class,6,113,74,5,openjpa-kernel/src/main/java/org/apache/openjpa/kernel/exps/ExtractDateTimePart.java
452,openjpa-persistence,AbstractPath,class,6,143,72,14,openjpa-persistence/src/main/java/org/apache/openjpa/persistence/query/AbstractPath.java
453,openjpa-jdbc,CompareExpression,class,6,112,70,5,openjpa-jdbc/src/main/java/org/apache/openjpa/jdbc/kernel/exps/CompareExpression.java
454,openjpa-jdbc,Count,class,6,103,57,7,openjpa-jdbc/src/main/java/org/apache/openjpa/jdbc/kernel/exps/Count.java
455,openjpa-jdbc,NotContainsExpression,class,6,106,57,6,openjpa-jdbc/src/main/java/org/apache/openjpa/jdbc/kernel/exps/NotContainsExpression.java
456,openjpa-kernel,ClassNodeTracker,class,6,91,57,8,openjpa-kernel/src/main/java/org/apache/openjpa/util/asm/ClassNodeTracker.java
457,openjpa-jest,ProcessingException,class,6,100,55,6,openjpa-jest/src/main/java/org/apache/openjpa/persistence/jest/ProcessingException.java
458,openjpa-jdbc,PrimitiveWrapperArrays,class,6,89,46,4,openjpa-jdbc/src/main/java/org/apache/openjpa/jdbc/meta/strats/PrimitiveWrapperArrays.java
459,openjpa-kernel,ArrayStateImage,class,6,106,43,6,openjpa-kernel/src/main/java/org/apache/openjpa/util/ArrayStateImage.java
460,openjpa-kernel,GeneratedClasses,class,6,82,37,3,openjpa-kernel/src/main/java/org/apache/openjpa/util/GeneratedClasses.java
461,openjpa-lib,StreamResourceBundleProvider,class,6,60,30,1,openjpa-lib/src/main/java/org/apache/openjpa/lib/util/StreamResourceBundleProvider.java
462,openjpa-lib,ResultObjectProvider,interface,6,96,13,0,openjpa-lib/src/main/java/org/apache/openjpa/lib/rop/ResultObjectProvider.java
463,openjpa-kernel,MixedLockLevels,interface,6,57,9,0,openjpa-kernel/src/main/java/org/apache/openjpa/kernel/MixedLockLevels.java
464,openjpa-lib,NodeInfo,class,6,36,8,0,openjpa-lib/src/main/java/org/apache/openjpa/lib/graph/NodeInfo.java
465,openjpa-kernel,DetachedValueStateManager,class,5,727,571,120,openjpa-kernel/src/main/java/org/apache/openjpa/kernel/DetachedValueStateManager.java
466,openjpa-kernel,OpenJPAConfiguration,interface,5,2091,353,0,openjpa-kernel/src/main/java/org/apache/openjpa/conf/OpenJPAConfiguration.java
467,openjpa-jdbc,RelationHandlerMapTableFieldStrategy,class,5,328,258,18,openjpa-jdbc/src/main/java/org/apache/openjpa/jdbc/meta/strats/RelationHandlerMapTableFieldStrategy.java
468,openjpa-lib,DelegatingStatement,class,5,358,252,55,openjpa-lib/src/main/java/org/apache/openjpa/lib/jdbc/DelegatingStatement.java
469,openjpa-kernel,Compatibility,class,5,781,230,62,openjpa-kernel/src/main/java/org/apache/openjpa/conf/Compatibility.java
470,openjpa-jdbc,StateComparisonVersionStrategy,class,5,351,223,27,openjpa-jdbc/src/main/java/org/apache/openjpa/jdbc/meta/strats/StateComparisonVersionStrategy.java
471,openjpa-kernel,AbstractStoreManager,class,5,547,214,32,openjpa-kernel/src/main/java/org/apache/openjpa/abstractstore/AbstractStoreManager.java
472,openjpa-persistence,OpenJPAEntityManager,interface,5,1199,208,0,openjpa-persistence/src/main/java/org/apache/openjpa/persistence/OpenJPAEntityManager.java
473,openjpa-jdbc,LRSProxyCollection,class,5,244,189,14,openjpa-jdbc/src/main/java/org/apache/openjpa/jdbc/meta/strats/LRSProxyCollection.java
474,openjpa-kernel,QueryMetaData,class,5,333,185,38,openjpa-kernel/src/main/java/org/apache/openjpa/meta/QueryMetaData.java
475,openjpa-jdbc,Select,interface,5,772,151,0,openjpa-jdbc/src/main/java/org/apache/openjpa/jdbc/sql/Select.java
476,openjpa-jdbc,OperationOrderUpdateManager,class,5,226,143,7,openjpa-jdbc/src/main/java/org/apache/openjpa/jdbc/kernel/OperationOrderUpdateManager.java
477,openjpa-jdbc,DerbyDictionary,class,5,237,139,7,openjpa-jdbc/src/main/java/org/apache/openjpa/jdbc/sql/DerbyDictionary.java
478,openjpa-jdbc,JavaSQLTypes,class,5,180,135,3,openjpa-jdbc/src/main/java/org/apache/openjpa/jdbc/meta/JavaSQLTypes.java
479,openjpa-jdbc,Variable,class,5,209,133,26,openjpa-jdbc/src/main/java/org/apache/openjpa/jdbc/kernel/exps/Variable.java
480,openjpa-jdbc,MapEntry,class,5,187,129,20,openjpa-jdbc/src/main/java/org/apache/openjpa/jdbc/kernel/exps/MapEntry.java
481,openjpa-jdbc,Aggregate,class,5,185,127,19,openjpa-jdbc/src/main/java/org/apache/openjpa/jdbc/kernel/exps/Aggregate.java
482,openjpa-jdbc,ExtractDateTimeField,class,5,180,123,19,openjpa-jdbc/src/main/java/org/apache/openjpa/jdbc/kernel/exps/ExtractDateTimeField.java
483,openjpa-kernel,OpenJPAException,class,5,213,108,21,openjpa-kernel/src/main/java/org/apache/openjpa/util/OpenJPAException.java
484,openjpa-jdbc,EmpressDictionary,class,5,182,106,6,openjpa-jdbc/src/main/java/org/apache/openjpa/jdbc/sql/EmpressDictionary.java
485,openjpa-lib,ReferenceHashMap,class,5,161,103,20,openjpa-lib/src/main/java/org/apache/openjpa/lib/util/ReferenceHashMap.java
486,openjpa-kernel,MethodLifecycleCallbacks,class,5,166,96,11,openjpa-kernel/src/main/java/org/apache/openjpa/event/MethodLifecycleCallbacks.java
487,openjpa-jdbc,ClassNameDiscriminatorStrategy,class,5,138,95,6,openjpa-jdbc/src/main/java/org/apache/openjpa/jdbc/meta/strats/ClassNameDiscriminatorStrategy.java
488,openjpa-persistence,ParameterExpressionImpl,class,5,171,95,11,openjpa-persistence/src/main/java/org/apache/openjpa/persistence/criteria/ParameterExpressionImpl.java
489,openjpa-jdbc,DiscriminatorMappingInfo,class,5,167,94,8,openjpa-jdbc/src/main/java/org/apache/openjpa/jdbc/meta/DiscriminatorMappingInfo.java
490,openjpa-jdbc,RefreshStrategyInstaller,class,5,146,93,7,openjpa-jdbc/src/main/java/org/apache/openjpa/jdbc/meta/RefreshStrategyInstaller.java
491,openjpa-lib,AbstractLog,class,5,156,89,18,openjpa-lib/src/main/java/org/apache/openjpa/lib/log/AbstractLog.java
492,openjpa-jdbc,MixedLockManager,class,5,136,87,5,openjpa-jdbc/src/main/java/org/apache/openjpa/jdbc/kernel/MixedLockManager.java
493,openjpa-kernel,Id,class,5,161,82,12,openjpa-kernel/src/main/java/org/apache/openjpa/util/Id.java
494,openjpa-jdbc,AbstractJDBCSavepointManager,class,5,156,77,14,openjpa-jdbc/src/main/java/org/apache/openjpa/jdbc/kernel/AbstractJDBCSavepointManager.java
495,openjpa-jdbc,Type,class,5,117,76,10,openjpa-jdbc/src/main/java/org/apache/openjpa/jdbc/kernel/exps/Type.java
496,openjpa-lib,AbstractConcurrentEventManager,class,5,154,72,10,openjpa-lib/src/main/java/org/apache/openjpa/lib/util/concurrent/AbstractConcurrentEventManager.java
497,openjpa-kernel,Audited,class,5,124,54,6,openjpa-kernel/src/main/java/org/apache/openjpa/kernel/Audited.java
498,openjpa-kernel,StoreFacadeTypeRegistry,class,5,118,51,6,openjpa-kernel/src/main/java/org/apache/openjpa/util/StoreFacadeTypeRegistry.java
499,openjpa-slice,SliceInfo,class,5,114,51,8,openjpa-slice/src/main/java/org/apache/openjpa/slice/SliceInfo.java
500,openjpa-kernel,BindVariableExpression,class,5,99,47,7,openjpa-kernel/src/main/java/org/apache/openjpa/kernel/exps/BindVariableExpression.java
501,openjpa-kernel,UpdateStrategies,class,5,93,43,2,openjpa-kernel/src/main/java/org/apache/openjpa/meta/UpdateStrategies.java
502,openjpa-persistence,PersistenceActivator,class,5,95,43,3,openjpa-persistence/src/main/java/org/apache/openjpa/persistence/osgi/PersistenceActivator.java
503,openjpa-kernel,PCEnhancerTask,class,5,94,39,6,openjpa-kernel/src/main/java/org/apache/openjpa/ant/PCEnhancerTask.java
504,openjpa-lib,JavaVendors,enum,5,78,36,5,openjpa-lib/src/main/java/org/apache/openjpa/lib/util/JavaVendors.java
505,openjpa-jdbc,MappingRepositoryValue,class,5,68,33,2,openjpa-jdbc/src/main/java/org/apache/openjpa/jdbc/conf/MappingRepositoryValue.java
506,openjpa-kernel,Caches,class,5,55,25,1,openjpa-kernel/src/main/java/org/apache/openjpa/datacache/Caches.java
507,openjpa-persistence,AbstractVisitable,class,5,58,25,4,openjpa-persistence/src/main/java/org/apache/openjpa/persistence/query/AbstractVisitable.java
508,openjpa-lib,Log,interface,5,131,23,0,openjpa-lib/src/main/java/org/apache/openjpa/lib/log/Log.java
509,openjpa-kernel,SchemaGenerationSource,interface,5,35,8,0,openjpa-kernel/src/main/java/org/apache/openjpa/conf/SchemaGenerationSource.java
510,openjpa-kernel,CallbackModes,interface,5,54,8,0,openjpa-kernel/src/main/java/org/apache/openjpa/event/CallbackModes.java
511,openjpa-lib,DelegatingConnection,class,4,608,448,74,openjpa-lib/src/main/java/org/apache/openjpa/lib/jdbc/DelegatingConnection.java
512,openjpa-kernel,ProxyMaps,class,4,354,198,27,openjpa-kernel/src/main/java/org/apache/openjpa/util/proxy/ProxyMaps.java
513,openjpa-jdbc,ColumnIO,class,4,315,155,34,openjpa-jdbc/src/main/java/org/apache/openjpa/jdbc/schema/ColumnIO.java
514,openjpa-kernel,DataCacheManagerImpl,class,4,239,149,17,openjpa-kernel/src/main/java/org/apache/openjpa/datacache/DataCacheManagerImpl.java
515,openjpa-kernel,RedefinitionHelper,class,4,239,145,15,openjpa-kernel/src/main/java/org/apache/openjpa/enhance/RedefinitionHelper.java
516,openjpa-jdbc,SequenceMapping,class,4,291,144,29,openjpa-jdbc/src/main/java/org/apache/openjpa/jdbc/meta/SequenceMapping.java
517,openjpa-persistence,StoreCacheImpl,class,4,198,134,21,openjpa-persistence/src/main/java/org/apache/openjpa/persistence/StoreCacheImpl.java
518,openjpa-jdbc,Math,class,4,186,132,20,openjpa-jdbc/src/main/java/org/apache/openjpa/jdbc/kernel/exps/Math.java
519,openjpa-jdbc,GetObjectId,class,4,194,128,17,openjpa-jdbc/src/main/java/org/apache/openjpa/jdbc/kernel/exps/GetObjectId.java
520,openjpa-jdbc,InValueDiscriminatorStrategy,class,4,189,122,7,openjpa-jdbc/src/main/java/org/apache/openjpa/jdbc/meta/strats/InValueDiscriminatorStrategy.java
521,openjpa-jdbc,ExtractDateTimePart,class,4,176,121,19,openjpa-jdbc/src/main/java/org/apache/openjpa/jdbc/kernel/exps/ExtractDateTimePart.java
522,openjpa-persistence,Types,class,4,260,115,22,openjpa-persistence/src/main/java/org/apache/openjpa/persistence/meta/Types.java
523,openjpa-persistence,HintHandler,class,4,266,114,5,openjpa-persistence/src/main/java/org/apache/openjpa/persistence/HintHandler.java
524,openjpa-lib,DelegatingDataSource,class,4,178,111,18,openjpa-lib/src/main/java/org/apache/openjpa/lib/jdbc/DelegatingDataSource.java
525,openjpa-jdbc,AbstractSQLServerDictionary,class,4,145,106,6,openjpa-jdbc/src/main/java/org/apache/openjpa/jdbc/sql/AbstractSQLServerDictionary.java
526,openjpa-kernel,PartitionedDataCache,class,4,191,101,9,openjpa-kernel/src/main/java/org/apache/openjpa/datacache/PartitionedDataCache.java
527,openjpa-jdbc,JDBCConfiguration,interface,4,633,98,0,openjpa-jdbc/src/main/java/org/apache/openjpa/jdbc/conf/JDBCConfiguration.java
528,openjpa-jdbc,MapKey,class,4,151,98,15,openjpa-jdbc/src/main/java/org/apache/openjpa/jdbc/kernel/exps/MapKey.java
529,openjpa-lib,MapBackedSet,class,4,178,98,19,openjpa-lib/src/main/java/org/apache/openjpa/lib/util/collections/MapBackedSet.java
530,openjpa-jdbc,MaxEmbeddedCharArrayFieldStrategy,class,4,134,92,8,openjpa-jdbc/src/main/java/org/apache/openjpa/jdbc/meta/strats/MaxEmbeddedCharArrayFieldStrategy.java
531,openjpa-kernel,DetachOptions,class,4,200,89,16,openjpa-kernel/src/main/java/org/apache/openjpa/conf/DetachOptions.java
532,openjpa-slice,DistributedDataSource,class,4,124,84,10,openjpa-slice/src/main/java/org/apache/openjpa/slice/jdbc/DistributedDataSource.java
533,openjpa-persistence,ComparisonStyle,interface,4,186,82,12,openjpa-persistence/src/main/java/org/apache/openjpa/persistence/criteria/ComparisonStyle.java
534,openjpa-jdbc,GenericResultObjectProvider,class,4,138,81,11,openjpa-jdbc/src/main/java/org/apache/openjpa/jdbc/kernel/GenericResultObjectProvider.java
535,openjpa-lib,CommonsLogFactory,class,4,132,80,19,openjpa-lib/src/main/java/org/apache/openjpa/lib/log/CommonsLogFactory.java
536,openjpa-kernel,CollectionChangeTrackerImpl,class,4,133,79,9,openjpa-kernel/src/main/java/org/apache/openjpa/util/CollectionChangeTrackerImpl.java
537,openjpa-persistence,EntityExistsException,class,4,123,79,13,openjpa-persistence/src/main/java/org/apache/openjpa/persistence/EntityExistsException.java
538,openjpa-persistence,EntityNotFoundException,class,4,123,79,13,openjpa-persistence/src/main/java/org/apache/openjpa/persistence/EntityNotFoundException.java
539,openjpa-persistence,NoResultException,class,4,123,79,13,openjpa-persistence/src/main/java/org/apache/openjpa/persistence/NoResultException.java
540,openjpa-persistence,NonUniqueResultException,class,4,123,79,13,openjpa-persistence/src/main/java/org/apache/openjpa/persistence/NonUniqueResultException.java
541,openjpa-persistence,OptimisticLockException,class,4,123,79,13,openjpa-persistence/src/main/java/org/apache/openjpa/persistence/OptimisticLockException.java
542,openjpa-xmlstore,XMLStore,class,4,157,79,7,openjpa-xmlstore/src/main/java/org/apache/openjpa/xmlstore/XMLStore.java
543,openjpa-kernel,AbstractPCResultObjectProvider,class,4,183,78,11,openjpa-kernel/src/main/java/org/apache/openjpa/kernel/AbstractPCResultObjectProvider.java
544,openjpa-persistence,PersistenceException,class,4,122,78,13,openjpa-persistence/src/main/java/org/apache/openjpa/persistence/PersistenceException.java
545,openjpa-kernel,RemoteCommitProviderValue,class,4,143,76,12,openjpa-kernel/src/main/java/org/apache/openjpa/conf/RemoteCommitProviderValue.java
546,openjpa-jdbc,DelegatingJoinable,class,4,135,75,9,openjpa-jdbc/src/main/java/org/apache/openjpa/jdbc/meta/DelegatingJoinable.java
547,openjpa-lib,ResourceMetaDataIterator,class,4,118,75,7,openjpa-lib/src/main/java/org/apache/openjpa/lib/meta/ResourceMetaDataIterator.java
548,openjpa-jest,Closure,class,4,109,74,4,openjpa-jest/src/main/java/org/apache/openjpa/persistence/jest/Closure.java
549,openjpa-kernel,DataCacheJMXInstrument,class,4,104,68,6,openjpa-kernel/src/main/java/org/apache/openjpa/instrumentation/jmx/DataCacheJMXInstrument.java
550,openjpa-persistence,OpenJPAQuery,interface,4,285,65,0,openjpa-persistence/src/main/java/org/apache/openjpa/persistence/OpenJPAQuery.java
551,openjpa-jdbc,CurrentTemporal,class,4,98,64,6,openjpa-jdbc/src/main/java/org/apache/openjpa/jdbc/kernel/exps/CurrentTemporal.java
552,openjpa-kernel,GeneralCase,class,4,103,64,6,openjpa-kernel/src/main/java/org/apache/openjpa/kernel/exps/GeneralCase.java
553,openjpa-jdbc,EmbeddedClassStrategy,class,4,103,63,4,openjpa-jdbc/src/main/java/org/apache/openjpa/jdbc/meta/strats/EmbeddedClassStrategy.java
554,openjpa-kernel,DetachManagerLite,class,4,124,62,4,openjpa-kernel/src/main/java/org/apache/openjpa/kernel/DetachManagerLite.java
555,openjpa-kernel,QueryContext,interface,4,303,61,0,openjpa-kernel/src/main/java/org/apache/openjpa/kernel/QueryContext.java
556,openjpa-kernel,Coalesce,class,4,103,61,7,openjpa-kernel/src/main/java/org/apache/openjpa/kernel/exps/Coalesce.java
557,openjpa-persistence,MetaDataParsers,class,4,99,60,2,openjpa-persistence/src/main/java/org/apache/openjpa/persistence/MetaDataParsers.java
558,openjpa-kernel,Args,class,4,98,58,8,openjpa-kernel/src/main/java/org/apache/openjpa/kernel/exps/Args.java
559,openjpa-jdbc,InSubQExpression,class,4,100,57,6,openjpa-jdbc/src/main/java/org/apache/openjpa/jdbc/kernel/exps/InSubQExpression.java
560,openjpa-lib,ReportingSQLException,class,4,111,57,8,openjpa-lib/src/main/java/org/apache/openjpa/lib/jdbc/ReportingSQLException.java
561,openjpa-lib,ListResultObjectProvider,class,4,99,56,11,openjpa-lib/src/main/java/org/apache/openjpa/lib/rop/ListResultObjectProvider.java
562,openjpa-kernel,InMemoryRelatedFieldOrder,class,4,91,55,5,openjpa-kernel/src/main/java/org/apache/openjpa/meta/InMemoryRelatedFieldOrder.java
563,openjpa-persistence,BinaryExpressionPredicate,class,4,88,52,7,openjpa-persistence/src/main/java/org/apache/openjpa/persistence/query/BinaryExpressionPredicate.java
564,openjpa-jdbc,JDBCColumnOrder,class,4,102,50,10,openjpa-jdbc/src/main/java/org/apache/openjpa/jdbc/meta/JDBCColumnOrder.java
565,openjpa-kernel,PersistenceCapable,interface,4,95,40,0,openjpa-kernel/src/main/java/org/apache/openjpa/enhance/PersistenceCapable.java
566,openjpa-kernel,BoundVariable,class,4,92,40,7,openjpa-kernel/src/main/java/org/apache/openjpa/kernel/exps/BoundVariable.java
567,openjpa-kernel,CollectionParam,class,4,78,39,7,openjpa-kernel/src/main/java/org/apache/openjpa/kernel/exps/CollectionParam.java
568,openjpa-kernel,Param,class,4,78,39,7,openjpa-kernel/src/main/java/org/apache/openjpa/kernel/exps/Param.java
569,openjpa-kernel,EnhancementClassLoader,class,4,73,36,5,openjpa-kernel/src/main/java/org/apache/openjpa/util/asm/EnhancementClassLoader.java
570,openjpa-kernel,Query,interface,4,194,35,0,openjpa-kernel/src/main/java/org/apache/openjpa/kernel/Query.java
571,openjpa-kernel,ResultShapePacker,class,4,68,35,3,openjpa-kernel/src/main/java/org/apache/openjpa/kernel/ResultShapePacker.java
572,openjpa-kernel,WASRegistryManagedRuntime,class,4,75,30,4,openjpa-kernel/src/main/java/org/apache/openjpa/ee/WASRegistryManagedRuntime.java
573,openjpa-kernel,CurrentDate,class,4,59,27,4,openjpa-kernel/src/main/java/org/apache/openjpa/kernel/exps/CurrentDate.java
574,openjpa-persistence,OpenJPAEntityManagerSPI,interface,4,127,21,0,openjpa-persistence/src/main/java/org/apache/openjpa/persistence/OpenJPAEntityManagerSPI.java
575,openjpa-kernel,ManagedRuntime,interface,4,92,16,0,openjpa-kernel/src/main/java/org/apache/openjpa/ee/ManagedRuntime.java
576,openjpa-jdbc,BinaryOpExpState,class,4,50,14,2,openjpa-jdbc/src/main/java/org/apache/openjpa/jdbc/kernel/exps/BinaryOpExpState.java
577,openjpa-kernel,SchemaGenerationAction,interface,4,33,7,0,openjpa-kernel/src/main/java/org/apache/openjpa/conf/SchemaGenerationAction.java
578,openjpa-kernel,DetachState,interface,4,51,7,0,openjpa-kernel/src/main/java/org/apache/openjpa/kernel/DetachState.java
579,openjpa-persistence-jdbc,JDBCFetchPlanImpl,class,3,375,281,53,openjpa-persistence-jdbc/src/main/java/org/apache/openjpa/persistence/jdbc/JDBCFetchPlanImpl.java
580,openjpa-persistence,FromImpl,class,3,337,222,35,openjpa-persistence/src/main/java/org/apache/openjpa/persistence/criteria/FromImpl.java
581,openjpa-kernel,AbstractStoreQuery,class,3,277,203,41,openjpa-kernel/src/main/java/org/apache/openjpa/kernel/AbstractStoreQuery.java
582,openjpa-kernel,PCState,class,3,494,180,1,openjpa-kernel/src/main/java/org/apache/openjpa/kernel/PCState.java
583,openjpa-jdbc,RelationMapInverseKeyFieldStrategy,class,3,226,174,22,openjpa-jdbc/src/main/java/org/apache/openjpa/jdbc/meta/strats/RelationMapInverseKeyFieldStrategy.java
584,openjpa-jdbc,RelationMapTableFieldStrategy,class,3,226,174,22,openjpa-jdbc/src/main/java/org/apache/openjpa/jdbc/meta/strats/RelationMapTableFieldStrategy.java
585,openjpa-jdbc,Join,class,3,219,140,22,openjpa-jdbc/src/main/java/org/apache/openjpa/jdbc/sql/Join.java
586,openjpa-lib,LinkedMap,class,3,322,139,30,openjpa-lib/src/main/java/org/apache/openjpa/lib/util/collections/LinkedMap.java
587,openjpa-kernel,Broker,interface,3,764,126,0,openjpa-kernel/src/main/java/org/apache/openjpa/kernel/Broker.java
588,openjpa-jdbc,Concat,class,3,178,125,19,openjpa-jdbc/src/main/java/org/apache/openjpa/jdbc/kernel/exps/Concat.java
589,openjpa-jdbc,IndexOf,class,3,174,122,19,openjpa-jdbc/src/main/java/org/apache/openjpa/jdbc/kernel/exps/IndexOf.java
590,openjpa-jdbc,Substring,class,3,171,118,19,openjpa-jdbc/src/main/java/org/apache/openjpa/jdbc/kernel/exps/Substring.java
591,openjpa-jdbc,SubclassJoinDiscriminatorStrategy,class,3,180,113,6,openjpa-jdbc/src/main/java/org/apache/openjpa/jdbc/meta/strats/SubclassJoinDiscriminatorStrategy.java
592,openjpa-jdbc,SelectResultObjectProvider,class,3,166,111,14,openjpa-jdbc/src/main/java/org/apache/openjpa/jdbc/kernel/SelectResultObjectProvider.java
593,openjpa-kernel,TransferFieldManager,class,3,156,105,21,openjpa-kernel/src/main/java/org/apache/openjpa/kernel/TransferFieldManager.java
594,openjpa-kernel,ExpressionFactory,interface,3,555,103,0,openjpa-kernel/src/main/java/org/apache/openjpa/kernel/exps/ExpressionFactory.java
595,openjpa-kernel,NonPersistentMetaData,class,3,162,96,18,openjpa-kernel/src/main/java/org/apache/openjpa/meta/NonPersistentMetaData.java
596,openjpa-jdbc,InterbaseDictionary,class,3,141,93,9,openjpa-jdbc/src/main/java/org/apache/openjpa/jdbc/sql/InterbaseDictionary.java
597,openjpa-jdbc,ImmutableValueHandler,class,3,135,92,6,openjpa-jdbc/src/main/java/org/apache/openjpa/jdbc/meta/strats/ImmutableValueHandler.java
598,openjpa-lib,StringDistance,class,3,197,92,8,openjpa-lib/src/main/java/org/apache/openjpa/lib/util/StringDistance.java
599,openjpa-kernel,XMLClassMetaData,class,3,144,91,19,openjpa-kernel/src/main/java/org/apache/openjpa/meta/XMLClassMetaData.java
600,openjpa-kernel,XMLFieldMetaData,class,3,142,91,20,openjpa-kernel/src/main/java/org/apache/openjpa/meta/XMLFieldMetaData.java
601,openjpa-lib,Edge,class,3,225,89,20,openjpa-lib/src/main/java/org/apache/openjpa/lib/graph/Edge.java
602,openjpa-kernel,PNonTransState,class,3,141,88,2,openjpa-kernel/src/main/java/org/apache/openjpa/kernel/PNonTransState.java
603,openjpa-jdbc,StringFunction,class,3,135,86,16,openjpa-jdbc/src/main/java/org/apache/openjpa/jdbc/kernel/exps/StringFunction.java
604,openjpa-slice,DistributedJDBCBrokerFactory,class,3,137,86,10,openjpa-slice/src/main/java/org/apache/openjpa/slice/jdbc/DistributedJDBCBrokerFactory.java
605,openjpa-kernel,StoreQuery,interface,3,371,84,2,openjpa-kernel/src/main/java/org/apache/openjpa/kernel/StoreQuery.java
606,openjpa-lib,AbstractSequentialResultList,class,3,130,84,11,openjpa-lib/src/main/java/org/apache/openjpa/lib/rop/AbstractSequentialResultList.java
607,openjpa-lib,AbstractMapDecorator,class,3,157,82,18,openjpa-lib/src/main/java/org/apache/openjpa/lib/util/collections/AbstractMapDecorator.java
608,openjpa-persistence,LockTimeoutException,class,3,119,77,13,openjpa-persistence/src/main/java/org/apache/openjpa/persistence/LockTimeoutException.java
609,openjpa-persistence,PessimisticLockException,class,3,121,77,13,openjpa-persistence/src/main/java/org/apache/openjpa/persistence/PessimisticLockException.java
610,openjpa-jdbc,JDBCRelatedFieldOrder,class,3,117,76,8,openjpa-jdbc/src/main/java/org/apache/openjpa/jdbc/meta/JDBCRelatedFieldOrder.java
611,openjpa-jdbc,EnumValueHandler,class,3,124,75,7,openjpa-jdbc/src/main/java/org/apache/openjpa/jdbc/meta/strats/EnumValueHandler.java
612,openjpa-jdbc,SQLExceptions,class,3,158,75,13,openjpa-jdbc/src/main/java/org/apache/openjpa/jdbc/sql/SQLExceptions.java
613,openjpa-kernel,CacheMarshallersValue,class,3,122,75,7,openjpa-kernel/src/main/java/org/apache/openjpa/conf/CacheMarshallersValue.java
614,openjpa-kernel,FetchConfiguration,interface,3,483,75,0,openjpa-kernel/src/main/java/org/apache/openjpa/kernel/FetchConfiguration.java
615,openjpa-jdbc,OrExpression,class,3,109,65,5,openjpa-jdbc/src/main/java/org/apache/openjpa/jdbc/kernel/exps/OrExpression.java
616,openjpa-kernel,SpecificationPlugin,class,3,119,62,6,openjpa-kernel/src/main/java/org/apache/openjpa/conf/SpecificationPlugin.java
617,openjpa-kernel,Aggregate,class,3,107,62,8,openjpa-kernel/src/main/java/org/apache/openjpa/kernel/exps/Aggregate.java
618,openjpa-jdbc,CharArrayStreamValueHandler,class,3,101,61,5,openjpa-jdbc/src/main/java/org/apache/openjpa/jdbc/meta/strats/CharArrayStreamValueHandler.java
619,openjpa-slice,TargetFetchConfiguration,class,3,113,61,7,openjpa-slice/src/main/java/org/apache/openjpa/slice/jdbc/TargetFetchConfiguration.java
620,openjpa-kernel,Extension,class,3,100,60,7,openjpa-kernel/src/main/java/org/apache/openjpa/kernel/exps/Extension.java
621,openjpa-kernel,LogOrphanedKeyAction,class,3,111,59,6,openjpa-kernel/src/main/java/org/apache/openjpa/event/LogOrphanedKeyAction.java
622,openjpa-kernel,LockException,class,3,105,58,11,openjpa-kernel/src/main/java/org/apache/openjpa/util/LockException.java
623,openjpa-kernel,InheritanceComparator,class,3,103,57,5,openjpa-kernel/src/main/java/org/apache/openjpa/meta/InheritanceComparator.java
624,openjpa-kernel,JPQLParser,class,3,92,56,5,openjpa-kernel/src/main/java/org/apache/openjpa/kernel/jpql/JPQLParser.java
625,openjpa-kernel,AuditLogger,class,3,92,55,8,openjpa-kernel/src/main/java/org/apache/openjpa/audit/AuditLogger.java
626,openjpa-kernel,QueryCacheJMXInstrument,class,3,93,55,6,openjpa-kernel/src/main/java/org/apache/openjpa/instrumentation/jmx/QueryCacheJMXInstrument.java
627,openjpa-lib,IdentifierImpl,class,3,90,54,10,openjpa-lib/src/main/java/org/apache/openjpa/lib/identifier/IdentifierImpl.java
628,openjpa-lib,ReferenceIdentityMap,class,3,256,54,11,openjpa-lib/src/main/java/org/apache/openjpa/lib/util/collections/ReferenceIdentityMap.java
629,openjpa-kernel,PreparedQueryCacheJMXInstrument,class,3,92,53,6,openjpa-kernel/src/main/java/org/apache/openjpa/instrumentation/jmx/PreparedQueryCacheJMXInstrument.java
630,openjpa-kernel,InvocationManagedRuntime,class,3,102,52,8,openjpa-kernel/src/main/java/org/apache/openjpa/ee/InvocationManagedRuntime.java
631,openjpa-slice,SliceImplHelper,class,3,116,52,6,openjpa-slice/src/main/java/org/apache/openjpa/slice/SliceImplHelper.java
632,openjpa-lib,ClassListValue,class,3,78,49,6,openjpa-lib/src/main/java/org/apache/openjpa/lib/conf/ClassListValue.java
633,openjpa-lib,ClasspathMetaDataIterator,class,3,92,49,3,openjpa-lib/src/main/java/org/apache/openjpa/lib/meta/ClasspathMetaDataIterator.java
634,openjpa-kernel,BlacklistClassResolver,class,3,76,47,5,openjpa-kernel/src/main/java/org/apache/openjpa/util/BlacklistClassResolver.java
635,openjpa-jdbc,NotExpression,class,3,88,45,6,openjpa-jdbc/src/main/java/org/apache/openjpa/jdbc/kernel/exps/NotExpression.java
636,openjpa-kernel,IsEmptyExpression,class,3,82,45,4,openjpa-kernel/src/main/java/org/apache/openjpa/kernel/exps/IsEmptyExpression.java
637,openjpa-lib,CFMetaDataSerializer,class,3,100,44,5,openjpa-lib/src/main/java/org/apache/openjpa/lib/meta/CFMetaDataSerializer.java
638,openjpa-kernel,AndExpression,class,3,77,38,6,openjpa-kernel/src/main/java/org/apache/openjpa/kernel/exps/AndExpression.java
639,openjpa-persistence,UnaryExpressionPredicate,class,3,72,38,7,openjpa-persistence/src/main/java/org/apache/openjpa/persistence/query/UnaryExpressionPredicate.java
640,openjpa-kernel,WildcardMatch,class,3,78,36,5,openjpa-kernel/src/main/java/org/apache/openjpa/kernel/exps/WildcardMatch.java
641,openjpa-persistence,AutoDetachType,enum,3,67,34,3,openjpa-persistence/src/main/java/org/apache/openjpa/persistence/AutoDetachType.java
642,openjpa-persistence,CallbackMode,enum,3,67,34,3,openjpa-persistence/src/main/java/org/apache/openjpa/persistence/CallbackMode.java
643,openjpa-kernel,UnboundVariable,class,3,76,31,6,openjpa-kernel/src/main/java/org/apache/openjpa/kernel/exps/UnboundVariable.java
644,openjpa-jdbc,DatastoreFunction,class,3,60,30,3,openjpa-jdbc/src/main/java/org/apache/openjpa/jdbc/kernel/exps/DatastoreFunction.java
645,openjpa-lib,Base16Encoder,class,3,65,30,2,openjpa-lib/src/main/java/org/apache/openjpa/lib/util/Base16Encoder.java
646,openjpa-kernel,BrokerFactory,interface,3,165,29,0,openjpa-kernel/src/main/java/org/apache/openjpa/kernel/BrokerFactory.java
647,openjpa-persistence,UnaryOperatorExpression,class,3,56,29,6,openjpa-persistence/src/main/java/org/apache/openjpa/persistence/query/UnaryOperatorExpression.java
648,openjpa-kernel,BrokerFactoryEventManager,class,3,59,26,2,openjpa-kernel/src/main/java/org/apache/openjpa/event/BrokerFactoryEventManager.java
649,openjpa-kernel,ProxyManager,interface,3,128,23,0,openjpa-kernel/src/main/java/org/apache/openjpa/util/ProxyManager.java
650,openjpa-lib,TimestampHelper,class,3,62,22,1,openjpa-lib/src/main/java/org/apache/openjpa/lib/util/TimestampHelper.java
651,openjpa-jdbc,ReferenceCounter,class,3,48,16,3,openjpa-jdbc/src/main/java/org/apache/openjpa/jdbc/schema/ReferenceCounter.java
652,openjpa-lib,IterableMap,interface,3,88,8,0,openjpa-lib/src/main/java/org/apache/openjpa/lib/util/collections/IterableMap.java
653,openjpa-jdbc,LRSSizes,interface,3,47,7,0,openjpa-jdbc/src/main/java/org/apache/openjpa/jdbc/kernel/LRSSizes.java
654,openjpa-kernel,QueryFlushModes,interface,3,58,7,0,openjpa-kernel/src/main/java/org/apache/openjpa/kernel/QueryFlushModes.java
655,openjpa-jdbc,EagerFetchModes,interface,3,46,6,0,openjpa-jdbc/src/main/java/org/apache/openjpa/jdbc/kernel/EagerFetchModes.java
656,openjpa-jdbc,JoinSyntaxes,interface,3,43,6,0,openjpa-jdbc/src/main/java/org/apache/openjpa/jdbc/sql/JoinSyntaxes.java
657,openjpa-kernel,RuntimeUnenhancedClassesModes,interface,3,32,6,0,openjpa-kernel/src/main/java/org/apache/openjpa/enhance/RuntimeUnenhancedClassesModes.java
658,openjpa-kernel,ConnectionRetainModes,interface,3,46,6,0,openjpa-kernel/src/main/java/org/apache/openjpa/kernel/ConnectionRetainModes.java
659,openjpa-kernel,LockLevels,interface,3,44,6,0,openjpa-kernel/src/main/java/org/apache/openjpa/kernel/LockLevels.java
660,openjpa-kernel,QueryOperations,interface,3,52,6,0,openjpa-kernel/src/main/java/org/apache/openjpa/kernel/QueryOperations.java
661,openjpa-kernel,RestoreState,interface,3,44,6,0,openjpa-kernel/src/main/java/org/apache/openjpa/kernel/RestoreState.java
662,openjpa-kernel,AbstractDataCacheInstrument,class,2,247,188,30,openjpa-kernel/src/main/java/org/apache/openjpa/instrumentation/AbstractDataCacheInstrument.java
663,openjpa-kernel,PCSubclassValidator,class,2,288,184,11,openjpa-kernel/src/main/java/org/apache/openjpa/enhance/PCSubclassValidator.java
664,openjpa-kernel,AbstractQueryCacheInstrument,class,2,239,174,24,openjpa-kernel/src/main/java/org/apache/openjpa/instrumentation/AbstractQueryCacheInstrument.java
665,openjpa-kernel,DelegatingStoreManager,class,2,242,167,36,openjpa-kernel/src/main/java/org/apache/openjpa/kernel/DelegatingStoreManager.java
666,openjpa-jdbc,NullIfExpression,class,2,196,136,23,openjpa-jdbc/src/main/java/org/apache/openjpa/jdbc/kernel/exps/NullIfExpression.java
667,openjpa-jdbc,XROP,class,2,208,122,15,openjpa-jdbc/src/main/java/org/apache/openjpa/jdbc/kernel/XROP.java
668,openjpa-kernel,AbstractPreparedQueryCacheInstrument,class,2,169,121,19,openjpa-kernel/src/main/java/org/apache/openjpa/instrumentation/AbstractPreparedQueryCacheInstrument.java
669,openjpa-lib,PluginValue,class,2,199,120,16,openjpa-lib/src/main/java/org/apache/openjpa/lib/conf/PluginValue.java
670,openjpa-jdbc,VersionMappingInfo,class,2,174,106,5,openjpa-jdbc/src/main/java/org/apache/openjpa/jdbc/meta/VersionMappingInfo.java
671,openjpa-jdbc,FullClassStrategy,class,2,153,105,7,openjpa-jdbc/src/main/java/org/apache/openjpa/jdbc/meta/strats/FullClassStrategy.java
672,openjpa-lib,UnmodifiableEntrySet,class,2,191,103,17,openjpa-lib/src/main/java/org/apache/openjpa/lib/util/collections/UnmodifiableEntrySet.java
673,openjpa-kernel,PCEnhancerAgent,class,2,193,100,6,openjpa-kernel/src/main/java/org/apache/openjpa/enhance/PCEnhancerAgent.java
674,openjpa-lib,Graph,class,2,188,99,12,openjpa-lib/src/main/java/org/apache/openjpa/lib/graph/Graph.java
675,openjpa-jdbc,UntypedPCValueHandler,class,2,145,96,8,openjpa-jdbc/src/main/java/org/apache/openjpa/jdbc/meta/strats/UntypedPCValueHandler.java
676,openjpa-kernel,RemoteCommitEvent,class,2,202,95,11,openjpa-kernel/src/main/java/org/apache/openjpa/event/RemoteCommitEvent.java
677,openjpa-kernel,ValidatingLifecycleEventManager,class,2,164,94,12,openjpa-kernel/src/main/java/org/apache/openjpa/validation/ValidatingLifecycleEventManager.java
678,openjpa-lib,ReferenceHashSet,class,2,142,91,17,openjpa-lib/src/main/java/org/apache/openjpa/lib/util/ReferenceHashSet.java
679,openjpa-kernel,StoreContext,interface,2,553,89,0,openjpa-kernel/src/main/java/org/apache/openjpa/kernel/StoreContext.java
680,openjpa-kernel,MapChangeTrackerImpl,class,2,141,89,9,openjpa-kernel/src/main/java/org/apache/openjpa/util/MapChangeTrackerImpl.java
681,openjpa-kernel,OpenJPAStateManager,interface,2,530,86,0,openjpa-kernel/src/main/java/org/apache/openjpa/kernel/OpenJPAStateManager.java
682,openjpa-lib,RangeResultObjectProvider,class,2,146,85,11,openjpa-lib/src/main/java/org/apache/openjpa/lib/rop/RangeResultObjectProvider.java
683,openjpa-lib,AbstractCollectionDecorator,class,2,190,85,19,openjpa-lib/src/main/java/org/apache/openjpa/lib/util/collections/AbstractCollectionDecorator.java
684,openjpa-lib,ConcurrentReferenceHashSet,class,2,136,85,16,openjpa-lib/src/main/java/org/apache/openjpa/lib/util/concurrent/ConcurrentReferenceHashSet.java
685,openjpa-persistence,MixedLockLevelsHelper,class,2,125,83,5,openjpa-persistence/src/main/java/org/apache/openjpa/persistence/MixedLockLevelsHelper.java
686,openjpa-kernel,AbstractMetaDataFactory,class,2,133,81,15,openjpa-kernel/src/main/java/org/apache/openjpa/meta/AbstractMetaDataFactory.java
687,openjpa-kernel,ValueStrategies,class,2,166,80,3,openjpa-kernel/src/main/java/org/apache/openjpa/meta/ValueStrategies.java
688,openjpa-kernel,SimpleCase,class,2,116,79,6,openjpa-kernel/src/main/java/org/apache/openjpa/kernel/exps/SimpleCase.java
689,openjpa-lib,Log4JLogFactory,class,2,129,79,18,openjpa-lib/src/main/java/org/apache/openjpa/lib/log/Log4JLogFactory.java
690,openjpa-lib,Bytes,class,2,168,79,8,openjpa-lib/src/main/java/org/apache/openjpa/lib/util/Bytes.java
691,openjpa-lib,Log4J2LogFactory,class,2,128,78,18,openjpa-lib/src/main/java/org/apache/openjpa/lib/log/Log4J2LogFactory.java
692,openjpa-persistence,SelectionImpl,class,2,159,77,10,openjpa-persistence/src/main/java/org/apache/openjpa/persistence/criteria/SelectionImpl.java
693,openjpa-lib,OrderedMap,class,2,134,73,15,openjpa-lib/src/main/java/org/apache/openjpa/lib/util/OrderedMap.java
694,openjpa-jdbc,Val,interface,2,196,72,0,openjpa-jdbc/src/main/java/org/apache/openjpa/jdbc/kernel/exps/Val.java
695,openjpa-persistence-jdbc,JDBCFetchPlan,interface,2,252,71,0,openjpa-persistence-jdbc/src/main/java/org/apache/openjpa/persistence/jdbc/JDBCFetchPlan.java
696,openjpa-kernel,PDeletedState,class,2,113,70,1,openjpa-kernel/src/main/java/org/apache/openjpa/kernel/PDeletedState.java
697,openjpa-kernel,PNewFlushedDeletedState,class,2,113,70,1,openjpa-kernel/src/main/java/org/apache/openjpa/kernel/PNewFlushedDeletedState.java
698,openjpa-persistence,FetchPlan,interface,2,394,70,0,openjpa-persistence/src/main/java/org/apache/openjpa/persistence/FetchPlan.java
699,openjpa-kernel,StateManager,interface,2,287,69,0,openjpa-kernel/src/main/java/org/apache/openjpa/enhance/StateManager.java
700,openjpa-jdbc,MultiColumnVersionStrategy,class,2,117,68,7,openjpa-jdbc/src/main/java/org/apache/openjpa/jdbc/meta/strats/MultiColumnVersionStrategy.java
701,openjpa-lib,AbstractProductDerivation,class,2,109,68,14,openjpa-lib/src/main/java/org/apache/openjpa/lib/conf/AbstractProductDerivation.java
702,openjpa-lib,FilterIterator,class,2,185,68,11,openjpa-lib/src/main/java/org/apache/openjpa/lib/util/collections/FilterIterator.java
703,openjpa-jdbc,DefaultIdentifierConfiguration,class,2,99,63,13,openjpa-jdbc/src/main/java/org/apache/openjpa/jdbc/identifier/DefaultIdentifierConfiguration.java
704,openjpa-kernel,ExtractDateTimeField,class,2,101,63,5,openjpa-kernel/src/main/java/org/apache/openjpa/kernel/exps/ExtractDateTimeField.java
705,openjpa-kernel,InstrumentationManagerImpl,class,2,111,59,6,openjpa-kernel/src/main/java/org/apache/openjpa/instrumentation/InstrumentationManagerImpl.java
706,openjpa-lib,ClassAnnotationMetaDataFilter,class,2,104,54,7,openjpa-lib/src/main/java/org/apache/openjpa/lib/meta/ClassAnnotationMetaDataFilter.java
707,openjpa-kernel,OpenJPASavepoint,class,2,125,53,8,openjpa-kernel/src/main/java/org/apache/openjpa/kernel/OpenJPASavepoint.java
708,openjpa-kernel,AggregateVal,class,2,103,51,7,openjpa-kernel/src/main/java/org/apache/openjpa/kernel/exps/AggregateVal.java
709,openjpa-lib,LogOutputStream,class,2,97,50,3,openjpa-lib/src/main/java/org/apache/openjpa/lib/log/LogOutputStream.java
710,openjpa-kernel,SubQ,class,2,89,49,9,openjpa-kernel/src/main/java/org/apache/openjpa/kernel/exps/SubQ.java
711,openjpa-lib,DecoratingDataSource,class,2,105,49,9,openjpa-lib/src/main/java/org/apache/openjpa/lib/jdbc/DecoratingDataSource.java
712,openjpa-lib,EntrySetToMapIteratorAdapter,class,2,120,49,9,openjpa-lib/src/main/java/org/apache/openjpa/lib/util/collections/EntrySetToMapIteratorAdapter.java
713,openjpa-kernel,QueryException,class,2,92,47,8,openjpa-kernel/src/main/java/org/apache/openjpa/util/QueryException.java
714,openjpa-persistence,OrderImpl,class,2,83,47,9,openjpa-persistence/src/main/java/org/apache/openjpa/persistence/criteria/OrderImpl.java
715,openjpa-jdbc,Index,class,2,106,45,9,openjpa-jdbc/src/main/java/org/apache/openjpa/jdbc/schema/Index.java
716,openjpa-kernel,BrokerFactoryValue,class,2,83,42,3,openjpa-kernel/src/main/java/org/apache/openjpa/conf/BrokerFactoryValue.java
717,openjpa-kernel,Ceiling,class,2,77,42,3,openjpa-kernel/src/main/java/org/apache/openjpa/kernel/exps/Ceiling.java
718,openjpa-kernel,Floor,class,2,77,42,3,openjpa-kernel/src/main/java/org/apache/openjpa/kernel/exps/Floor.java
719,openjpa-kernel,ClassWriterTracker,class,2,79,42,8,openjpa-kernel/src/main/java/org/apache/openjpa/util/asm/ClassWriterTracker.java
720,openjpa-kernel,Distinct,class,2,80,41,6,openjpa-kernel/src/main/java/org/apache/openjpa/kernel/exps/Distinct.java
721,openjpa-lib,AbstractMapEntryDecorator,class,2,92,41,8,openjpa-lib/src/main/java/org/apache/openjpa/lib/util/collections/AbstractMapEntryDecorator.java
722,openjpa-kernel,Abs,class,2,75,40,3,openjpa-kernel/src/main/java/org/apache/openjpa/kernel/exps/Abs.java
723,openjpa-jdbc,BindVariableExpression,class,2,82,38,6,openjpa-jdbc/src/main/java/org/apache/openjpa/jdbc/kernel/exps/BindVariableExpression.java
724,openjpa-kernel,OpenJPAVersionAndConfigurationTypeValidationPolicy,class,2,72,37,5,openjpa-kernel/src/main/java/org/apache/openjpa/conf/OpenJPAVersionAndConfigurationTypeValidationPolicy.java
725,openjpa-kernel,MetaDataInheritanceComparator,class,2,67,35,2,openjpa-kernel/src/main/java/org/apache/openjpa/meta/MetaDataInheritanceComparator.java
726,openjpa-jdbc,DBIdentifierUtil,interface,2,197,34,0,openjpa-jdbc/src/main/java/org/apache/openjpa/jdbc/identifier/DBIdentifierUtil.java
727,openjpa-jdbc,JDBC3SavepointManager,class,2,70,34,2,openjpa-jdbc/src/main/java/org/apache/openjpa/jdbc/kernel/JDBC3SavepointManager.java
728,openjpa-jdbc,Sum,class,2,69,33,4,openjpa-jdbc/src/main/java/org/apache/openjpa/jdbc/kernel/exps/Sum.java
729,openjpa-slice,SlicePersistence,class,2,80,33,2,openjpa-slice/src/main/java/org/apache/openjpa/slice/SlicePersistence.java
730,openjpa-slice,SliceThread,class,2,75,33,5,openjpa-slice/src/main/java/org/apache/openjpa/slice/SliceThread.java
731,openjpa-jest,DomainCommand,class,2,65,31,5,openjpa-jest/src/main/java/org/apache/openjpa/persistence/jest/DomainCommand.java
732,openjpa-kernel,SunOneManagedRuntime,class,2,66,31,4,openjpa-kernel/src/main/java/org/apache/openjpa/ee/SunOneManagedRuntime.java
733,openjpa-kernel,ClassResolverImpl,class,2,69,31,1,openjpa-kernel/src/main/java/org/apache/openjpa/util/ClassResolverImpl.java
734,openjpa-kernel,OptimisticException,class,2,64,29,5,openjpa-kernel/src/main/java/org/apache/openjpa/util/OptimisticException.java
735,openjpa-jdbc,PreparedProjectionResultObjectProvider,class,2,60,27,4,openjpa-jdbc/src/main/java/org/apache/openjpa/jdbc/kernel/PreparedProjectionResultObjectProvider.java
736,openjpa-kernel,Sign,class,2,60,27,3,openjpa-kernel/src/main/java/org/apache/openjpa/kernel/exps/Sign.java
737,openjpa-lib,SourceTrackers,class,2,64,27,1,openjpa-lib/src/main/java/org/apache/openjpa/lib/meta/SourceTrackers.java
738,openjpa-persistence,ArrayExpression,class,2,57,24,3,openjpa-persistence/src/main/java/org/apache/openjpa/persistence/query/ArrayExpression.java
739,openjpa-persistence,VarArgsExpression,class,2,55,22,3,openjpa-persistence/src/main/java/org/apache/openjpa/persistence/query/VarArgsExpression.java
740,openjpa-jdbc,ExpContext,class,2,61,19,2,openjpa-jdbc/src/main/java/org/apache/openjpa/jdbc/kernel/exps/ExpContext.java
741,openjpa-persistence-jdbc,ForeignKey,annotation,2,56,19,0,openjpa-persistence-jdbc/src/main/java/org/apache/openjpa/persistence/jdbc/ForeignKey.java
742,openjpa-jdbc,NullableAggregateUnaryOp,class,2,47,17,3,openjpa-jdbc/src/main/java/org/apache/openjpa/jdbc/kernel/exps/NullableAggregateUnaryOp.java
743,openjpa-jdbc,InKeyExpression,class,2,52,15,2,openjpa-jdbc/src/main/java/org/apache/openjpa/jdbc/kernel/exps/InKeyExpression.java
744,openjpa-jdbc,InValueExpression,class,2,52,15,2,openjpa-jdbc/src/main/java/org/apache/openjpa/jdbc/kernel/exps/InValueExpression.java
745,openjpa-kernel,BindKeyVariableExpression,class,2,52,15,2,openjpa-kernel/src/main/java/org/apache/openjpa/kernel/exps/BindKeyVariableExpression.java
746,openjpa-kernel,BindValueVariableExpression,class,2,52,15,2,openjpa-kernel/src/main/java/org/apache/openjpa/kernel/exps/BindValueVariableExpression.java
747,openjpa-persistence-jdbc,ElementForeignKey,annotation,2,49,15,0,openjpa-persistence-jdbc/src/main/java/org/apache/openjpa/persistence/jdbc/ElementForeignKey.java
748,openjpa-persistence-jdbc,KeyForeignKey,annotation,2,48,15,0,openjpa-persistence-jdbc/src/main/java/org/apache/openjpa/persistence/jdbc/KeyForeignKey.java
749,openjpa-persistence,JPQLHelper,class,2,42,15,1,openjpa-persistence/src/main/java/org/apache/openjpa/persistence/query/JPQLHelper.java
750,openjpa-kernel,ContainsKeyExpression,class,2,51,14,2,openjpa-kernel/src/main/java/org/apache/openjpa/kernel/exps/ContainsKeyExpression.java
751,openjpa-kernel,ContainsValueExpression,class,2,51,14,2,openjpa-kernel/src/main/java/org/apache/openjpa/kernel/exps/ContainsValueExpression.java
752,openjpa-kernel,GreaterThanEqualExpression,class,2,47,14,2,openjpa-kernel/src/main/java/org/apache/openjpa/kernel/exps/GreaterThanEqualExpression.java
753,openjpa-kernel,GreaterThanExpression,class,2,47,14,2,openjpa-kernel/src/main/java/org/apache/openjpa/kernel/exps/GreaterThanExpression.java
754,openjpa-kernel,LessThanEqualExpression,class,2,47,14,2,openjpa-kernel/src/main/java/org/apache/openjpa/kernel/exps/LessThanEqualExpression.java
755,openjpa-kernel,LessThanExpression,class,2,47,14,2,openjpa-kernel/src/main/java/org/apache/openjpa/kernel/exps/LessThanExpression.java
756,openjpa-jdbc,Calendard,class,2,39,10,1,openjpa-jdbc/src/main/java/org/apache/openjpa/jdbc/sql/Calendard.java
757,openjpa-kernel,PCResultObjectProvider,interface,2,43,8,0,openjpa-kernel/src/main/java/org/apache/openjpa/kernel/PCResultObjectProvider.java
758,openjpa-kernel,AutoClear,interface,2,39,5,0,openjpa-kernel/src/main/java/org/apache/openjpa/kernel/AutoClear.java
759,openjpa-kernel,LockScopes,interface,2,40,5,0,openjpa-kernel/src/main/java/org/apache/openjpa/kernel/LockScopes.java
760,openjpa-kernel,Constant,interface,2,34,4,0,openjpa-kernel/src/main/java/org/apache/openjpa/kernel/exps/Constant.java
761,openjpa-lib,Closeable,interface,2,31,4,0,openjpa-lib/src/main/java/org/apache/openjpa/lib/util/Closeable.java
762,openjpa-jdbc,NoneMappingDefaults,class,1,262,184,39,openjpa-jdbc/src/main/java/org/apache/openjpa/jdbc/meta/NoneMappingDefaults.java
763,openjpa-kernel,DataCachePCDataImpl,class,1,238,160,24,openjpa-kernel/src/main/java/org/apache/openjpa/datacache/DataCachePCDataImpl.java
764,openjpa-kernel,NoneMetaDataFactory,class,1,222,155,39,openjpa-kernel/src/main/java/org/apache/openjpa/meta/NoneMetaDataFactory.java
765,openjpa-jdbc,AbstractFieldStrategy,class,1,215,150,28,openjpa-jdbc/src/main/java/org/apache/openjpa/jdbc/meta/strats/AbstractFieldStrategy.java
766,openjpa-lib,TypedProperties,class,1,336,123,30,openjpa-lib/src/main/java/org/apache/openjpa/lib/util/TypedProperties.java
767,openjpa-jdbc,MetaDataPlusMappingFactory,class,1,168,104,15,openjpa-jdbc/src/main/java/org/apache/openjpa/jdbc/meta/MetaDataPlusMappingFactory.java
768,openjpa-kernel,ConcurrentDataCache,class,1,194,103,21,openjpa-kernel/src/main/java/org/apache/openjpa/datacache/ConcurrentDataCache.java
769,openjpa-lib,ConfiguringConnectionDecorator,class,1,178,103,15,openjpa-lib/src/main/java/org/apache/openjpa/lib/jdbc/ConfiguringConnectionDecorator.java
770,openjpa-jdbc,PointbaseDictionary,class,1,145,101,7,openjpa-jdbc/src/main/java/org/apache/openjpa/jdbc/sql/PointbaseDictionary.java
771,openjpa-kernel,MultiQueryMetaData,class,1,191,101,20,openjpa-kernel/src/main/java/org/apache/openjpa/meta/MultiQueryMetaData.java
772,openjpa-lib,ListResultList,class,1,151,97,20,openjpa-lib/src/main/java/org/apache/openjpa/lib/rop/ListResultList.java
773,openjpa-jdbc,FilterValueImpl,class,1,134,90,17,openjpa-jdbc/src/main/java/org/apache/openjpa/jdbc/kernel/exps/FilterValueImpl.java
774,openjpa-persistence-jdbc,MappingTag,enum,1,119,87,0,openjpa-persistence-jdbc/src/main/java/org/apache/openjpa/persistence/jdbc/MappingTag.java
775,openjpa-kernel,AbstractFieldManager,class,1,133,86,20,openjpa-kernel/src/main/java/org/apache/openjpa/kernel/AbstractFieldManager.java
776,openjpa-lib,UnmodifiableList,class,1,155,84,17,openjpa-lib/src/main/java/org/apache/openjpa/lib/util/collections/UnmodifiableList.java
777,openjpa-persistence,InvalidStateException,class,1,129,84,14,openjpa-persistence/src/main/java/org/apache/openjpa/persistence/InvalidStateException.java
778,openjpa-persistence,TransactionRequiredException,class,1,129,84,14,openjpa-persistence/src/main/java/org/apache/openjpa/persistence/TransactionRequiredException.java
779,openjpa-persistence,ArgumentException,class,1,128,83,14,openjpa-persistence/src/main/java/org/apache/openjpa/persistence/ArgumentException.java
780,openjpa-persistence,ExtentImpl,class,1,131,82,13,openjpa-persistence/src/main/java/org/apache/openjpa/persistence/ExtentImpl.java
781,openjpa-persistence,QueryTimeoutException,class,1,126,82,14,openjpa-persistence/src/main/java/org/apache/openjpa/persistence/QueryTimeoutException.java
782,openjpa-jdbc,XMLValueHandler,class,1,123,81,4,openjpa-jdbc/src/main/java/org/apache/openjpa/jdbc/meta/strats/XMLValueHandler.java
783,openjpa-jdbc,JDataStoreDictionary,class,1,120,80,4,openjpa-jdbc/src/main/java/org/apache/openjpa/jdbc/sql/JDataStoreDictionary.java
784,openjpa-kernel,OpenJPAId,class,1,156,80,11,openjpa-kernel/src/main/java/org/apache/openjpa/util/OpenJPAId.java
785,openjpa-kernel,AbstractLifecycleListener,class,1,127,78,19,openjpa-kernel/src/main/java/org/apache/openjpa/event/AbstractLifecycleListener.java
786,openjpa-persistence,FetchPathImpl,class,1,127,78,12,openjpa-persistence/src/main/java/org/apache/openjpa/persistence/criteria/FetchPathImpl.java
787,openjpa-jdbc,RuntimeStrategyInstaller,class,1,120,76,6,openjpa-jdbc/src/main/java/org/apache/openjpa/jdbc/meta/RuntimeStrategyInstaller.java
788,openjpa-persistence,RollbackException,class,1,121,74,14,openjpa-persistence/src/main/java/org/apache/openjpa/persistence/RollbackException.java
789,openjpa-kernel,PDirtyState,class,1,115,71,1,openjpa-kernel/src/main/java/org/apache/openjpa/kernel/PDirtyState.java
790,openjpa-kernel,LifecycleEvent,class,1,221,69,4,openjpa-kernel/src/main/java/org/apache/openjpa/event/LifecycleEvent.java
791,openjpa-lib,MetaDataIteratorChain,class,1,114,69,8,openjpa-lib/src/main/java/org/apache/openjpa/lib/meta/MetaDataIteratorChain.java
792,openjpa-lib,UnmodifiableOrderedMap,class,1,150,69,12,openjpa-lib/src/main/java/org/apache/openjpa/lib/util/collections/UnmodifiableOrderedMap.java
793,openjpa-jest,FindCommand,class,1,101,68,5,openjpa-jest/src/main/java/org/apache/openjpa/persistence/jest/FindCommand.java
794,openjpa-kernel,EDirtyState,class,1,110,67,2,openjpa-kernel/src/main/java/org/apache/openjpa/kernel/EDirtyState.java
795,openjpa-kernel,PNewDeletedState,class,1,110,67,1,openjpa-kernel/src/main/java/org/apache/openjpa/kernel/PNewDeletedState.java
796,openjpa-kernel,NullIf,class,1,109,66,8,openjpa-kernel/src/main/java/org/apache/openjpa/kernel/exps/NullIf.java
797,openjpa-lib,AbstractResultList,class,1,110,66,14,openjpa-lib/src/main/java/org/apache/openjpa/lib/rop/AbstractResultList.java
798,openjpa-lib,AbstractListDecorator,class,1,129,66,15,openjpa-lib/src/main/java/org/apache/openjpa/lib/util/collections/AbstractListDecorator.java
799,openjpa-lib,DataSourceLogs,class,1,149,65,13,openjpa-lib/src/main/java/org/apache/openjpa/lib/jdbc/DataSourceLogs.java
800,openjpa-persistence,QueryResultCacheImpl,class,1,115,65,10,openjpa-persistence/src/main/java/org/apache/openjpa/persistence/QueryResultCacheImpl.java
801,openjpa-kernel,PCleanState,class,1,107,64,1,openjpa-kernel/src/main/java/org/apache/openjpa/kernel/PCleanState.java
802,openjpa-persistence,MetaDataTag,enum,1,97,64,0,openjpa-persistence/src/main/java/org/apache/openjpa/persistence/MetaDataTag.java
803,openjpa-jdbc,ValueMapping,interface,1,287,62,0,openjpa-jdbc/src/main/java/org/apache/openjpa/jdbc/meta/ValueMapping.java
804,openjpa-kernel,ECleanState,class,1,105,62,1,openjpa-kernel/src/main/java/org/apache/openjpa/kernel/ECleanState.java
805,openjpa-jdbc,FieldStrategy,interface,1,258,61,0,openjpa-jdbc/src/main/java/org/apache/openjpa/jdbc/meta/FieldStrategy.java
806,openjpa-persistence,ParameterImpl,class,1,121,60,8,openjpa-persistence/src/main/java/org/apache/openjpa/persistence/ParameterImpl.java
807,openjpa-lib,AbstractJDBCListener,class,1,105,59,15,openjpa-lib/src/main/java/org/apache/openjpa/lib/jdbc/AbstractJDBCListener.java
808,openjpa-kernel,PNonTransDeletedState,class,1,97,58,1,openjpa-kernel/src/main/java/org/apache/openjpa/kernel/PNonTransDeletedState.java
809,openjpa-kernel,HollowState,class,1,100,57,1,openjpa-kernel/src/main/java/org/apache/openjpa/kernel/HollowState.java
810,openjpa-kernel,StoreManager,interface,1,435,57,0,openjpa-kernel/src/main/java/org/apache/openjpa/kernel/StoreManager.java
811,openjpa-jdbc,IdentityJoinable,class,1,95,56,7,openjpa-jdbc/src/main/java/org/apache/openjpa/jdbc/meta/strats/IdentityJoinable.java
812,openjpa-lib,UnmodifiableListIterator,class,1,113,56,11,openjpa-lib/src/main/java/org/apache/openjpa/lib/util/collections/UnmodifiableListIterator.java
813,openjpa-slice,Slice,class,1,106,56,10,openjpa-slice/src/main/java/org/apache/openjpa/slice/Slice.java
814,openjpa-jdbc,AndExpression,class,1,91,54,5,openjpa-jdbc/src/main/java/org/apache/openjpa/jdbc/kernel/exps/AndExpression.java
815,openjpa-persistence-jdbc,LRSSizeAlgorithm,enum,1,93,54,6,openjpa-persistence-jdbc/src/main/java/org/apache/openjpa/persistence/jdbc/LRSSizeAlgorithm.java
816,openjpa-persistence,ExpressionImpl,class,1,137,54,8,openjpa-persistence/src/main/java/org/apache/openjpa/persistence/criteria/ExpressionImpl.java
817,openjpa-kernel,ReferentialIntegrityException,class,1,98,53,8,openjpa-kernel/src/main/java/org/apache/openjpa/util/ReferentialIntegrityException.java
818,openjpa-lib,URLMetaDataIterator,class,1,92,53,6,openjpa-lib/src/main/java/org/apache/openjpa/lib/meta/URLMetaDataIterator.java
819,openjpa-lib,UnmodifiableOrderedMapIterator,class,1,112,53,10,openjpa-lib/src/main/java/org/apache/openjpa/lib/util/collections/UnmodifiableOrderedMapIterator.java
820,openjpa-persistence,GeneratorImpl,class,1,96,53,8,openjpa-persistence/src/main/java/org/apache/openjpa/persistence/GeneratorImpl.java
821,openjpa-lib,JDBCEvent,class,1,164,51,7,openjpa-lib/src/main/java/org/apache/openjpa/lib/jdbc/JDBCEvent.java
822,openjpa-kernel,ClearFieldManager,class,1,89,50,12,openjpa-kernel/src/main/java/org/apache/openjpa/kernel/ClearFieldManager.java
823,openjpa-kernel,CompareExpression,class,1,91,50,4,openjpa-kernel/src/main/java/org/apache/openjpa/kernel/exps/CompareExpression.java
824,openjpa-lib,Configuration,interface,1,274,50,0,openjpa-lib/src/main/java/org/apache/openjpa/lib/conf/Configuration.java
825,openjpa-jdbc,NoneClassStrategy,class,1,98,49,8,openjpa-jdbc/src/main/java/org/apache/openjpa/jdbc/meta/strats/NoneClassStrategy.java
826,openjpa-persistence,ReservedWords,class,1,87,48,2,openjpa-persistence/src/main/java/org/apache/openjpa/persistence/util/ReservedWords.java
827,openjpa-kernel,TypeBasedCacheDistributionPolicy,class,1,103,47,6,openjpa-kernel/src/main/java/org/apache/openjpa/datacache/TypeBasedCacheDistributionPolicy.java
828,openjpa-kernel,ContainsExpression,class,1,92,47,5,openjpa-kernel/src/main/java/org/apache/openjpa/kernel/exps/ContainsExpression.java
829,openjpa-kernel,Trim,class,1,88,47,5,openjpa-kernel/src/main/java/org/apache/openjpa/kernel/exps/Trim.java
830,openjpa-persistence,Expression,interface,1,525,47,0,openjpa-persistence/src/main/java/org/apache/openjpa/persistence/query/Expression.java
831,openjpa-jdbc,CharArrayValueHandler,class,1,84,45,5,openjpa-jdbc/src/main/java/org/apache/openjpa/jdbc/meta/strats/CharArrayValueHandler.java
832,openjpa-kernel,Cast,class,1,84,45,6,openjpa-kernel/src/main/java/org/apache/openjpa/kernel/exps/Cast.java
833,openjpa-lib,ResultListIterator,class,1,84,45,8,openjpa-lib/src/main/java/org/apache/openjpa/lib/rop/ResultListIterator.java
834,openjpa-jdbc,JDBCValueOrder,class,1,79,44,7,openjpa-jdbc/src/main/java/org/apache/openjpa/jdbc/meta/JDBCValueOrder.java
835,openjpa-lib,MapConfigurationProvider,class,1,91,44,7,openjpa-lib/src/main/java/org/apache/openjpa/lib/conf/MapConfigurationProvider.java
836,openjpa-jdbc,BindVariableAndExpression,class,1,80,43,5,openjpa-jdbc/src/main/java/org/apache/openjpa/jdbc/kernel/exps/BindVariableAndExpression.java
837,openjpa-kernel,DataCache,interface,1,313,43,0,openjpa-kernel/src/main/java/org/apache/openjpa/datacache/DataCache.java
838,openjpa-kernel,Lit,class,1,82,43,8,openjpa-kernel/src/main/java/org/apache/openjpa/kernel/exps/Lit.java
839,openjpa-kernel,MatchesExpression,class,1,85,43,2,openjpa-kernel/src/main/java/org/apache/openjpa/kernel/exps/MatchesExpression.java
840,openjpa-kernel,TypeLit,class,1,82,43,8,openjpa-kernel/src/main/java/org/apache/openjpa/kernel/exps/TypeLit.java
841,openjpa-lib,XMLVersionParser,class,1,89,43,5,openjpa-lib/src/main/java/org/apache/openjpa/lib/meta/XMLVersionParser.java
842,openjpa-jdbc,SQLEmbed,class,1,80,42,6,openjpa-jdbc/src/main/java/org/apache/openjpa/jdbc/kernel/exps/SQLEmbed.java
843,openjpa-jdbc,ByteArrayValueHandler,class,1,80,42,5,openjpa-jdbc/src/main/java/org/apache/openjpa/jdbc/meta/strats/ByteArrayValueHandler.java
844,openjpa-kernel,QueryCompilationCacheValue,class,1,85,41,2,openjpa-kernel/src/main/java/org/apache/openjpa/conf/QueryCompilationCacheValue.java
845,openjpa-lib,Location,class,1,79,41,8,openjpa-lib/src/main/java/org/apache/openjpa/lib/xml/Location.java
846,openjpa-jdbc,ConstInstanceofExpression,class,1,77,40,5,openjpa-jdbc/src/main/java/org/apache/openjpa/jdbc/kernel/exps/ConstInstanceofExpression.java
847,openjpa-kernel,IndexOf,class,1,78,40,5,openjpa-kernel/src/main/java/org/apache/openjpa/kernel/exps/IndexOf.java
848,openjpa-kernel,Substring,class,1,77,40,5,openjpa-kernel/src/main/java/org/apache/openjpa/kernel/exps/Substring.java
849,openjpa-kernel,QueryLanguages,class,1,73,39,1,openjpa-kernel/src/main/java/org/apache/openjpa/kernel/QueryLanguages.java
850,openjpa-kernel,Concat,class,1,79,39,5,openjpa-kernel/src/main/java/org/apache/openjpa/kernel/exps/Concat.java
851,openjpa-jdbc,StringLength,class,1,76,38,5,openjpa-jdbc/src/main/java/org/apache/openjpa/jdbc/kernel/exps/StringLength.java
852,openjpa-kernel,JNDIManagedRuntime,class,1,83,38,5,openjpa-kernel/src/main/java/org/apache/openjpa/ee/JNDIManagedRuntime.java
853,openjpa-kernel,QueryResultCallback,class,1,72,38,7,openjpa-kernel/src/main/java/org/apache/openjpa/kernel/QueryResultCallback.java
854,openjpa-kernel,MathVal,class,1,78,38,5,openjpa-kernel/src/main/java/org/apache/openjpa/kernel/exps/MathVal.java
855,openjpa-kernel,DelayedCollectionChangeTrackerImpl,class,1,67,38,4,openjpa-kernel/src/main/java/org/apache/openjpa/util/DelayedCollectionChangeTrackerImpl.java
856,openjpa-slice,DistributedQueryImpl,class,1,77,38,4,openjpa-slice/src/main/java/org/apache/openjpa/slice/DistributedQueryImpl.java
857,openjpa-kernel,BindVariableAndExpression,class,1,84,36,3,openjpa-kernel/src/main/java/org/apache/openjpa/kernel/exps/BindVariableAndExpression.java
858,openjpa-jdbc,IsEmptyExpression,class,1,72,35,5,openjpa-jdbc/src/main/java/org/apache/openjpa/jdbc/kernel/exps/IsEmptyExpression.java
859,openjpa-jdbc,IsNotEmptyExpression,class,1,72,35,5,openjpa-jdbc/src/main/java/org/apache/openjpa/jdbc/kernel/exps/IsNotEmptyExpression.java
860,openjpa-kernel,StringLength,class,1,73,35,5,openjpa-kernel/src/main/java/org/apache/openjpa/kernel/exps/StringLength.java
861,openjpa-kernel,BCClassWriter,class,1,58,34,2,openjpa-kernel/src/main/java/org/apache/openjpa/util/asm/BCClassWriter.java
862,openjpa-jdbc,Distinct,class,1,68,33,4,openjpa-jdbc/src/main/java/org/apache/openjpa/jdbc/kernel/exps/Distinct.java
863,openjpa-jdbc,TimestampVersionStrategy,class,1,66,33,4,openjpa-jdbc/src/main/java/org/apache/openjpa/jdbc/meta/strats/TimestampVersionStrategy.java
864,openjpa-kernel,Sum,class,1,69,33,3,openjpa-kernel/src/main/java/org/apache/openjpa/kernel/exps/Sum.java
865,openjpa-jdbc,BatchingOperationOrderUpdateManager,class,1,77,32,2,openjpa-jdbc/src/main/java/org/apache/openjpa/jdbc/kernel/BatchingOperationOrderUpdateManager.java
866,openjpa-kernel,UUIDType4StringSeq,class,1,73,32,7,openjpa-kernel/src/main/java/org/apache/openjpa/kernel/UUIDType4StringSeq.java
867,openjpa-kernel,Avg,class,1,69,32,3,openjpa-kernel/src/main/java/org/apache/openjpa/kernel/exps/Avg.java
868,openjpa-kernel,CurrentTemporal,class,1,63,32,4,openjpa-kernel/src/main/java/org/apache/openjpa/kernel/exps/CurrentTemporal.java
869,openjpa-kernel,InstanceofExpression,class,1,75,32,4,openjpa-kernel/src/main/java/org/apache/openjpa/kernel/exps/InstanceofExpression.java
870,openjpa-kernel,OrExpression,class,1,69,32,4,openjpa-kernel/src/main/java/org/apache/openjpa/kernel/exps/OrExpression.java
871,openjpa-lib,UnmodifiableIterator,class,1,85,32,5,openjpa-lib/src/main/java/org/apache/openjpa/lib/util/collections/UnmodifiableIterator.java
872,openjpa-jdbc,BatchingConstraintUpdateManager,class,1,75,31,2,openjpa-jdbc/src/main/java/org/apache/openjpa/jdbc/kernel/BatchingConstraintUpdateManager.java
873,openjpa-jdbc,ToLowerCase,class,1,67,31,3,openjpa-jdbc/src/main/java/org/apache/openjpa/jdbc/kernel/exps/ToLowerCase.java
874,openjpa-jdbc,ToUpperCase,class,1,68,31,3,openjpa-jdbc/src/main/java/org/apache/openjpa/jdbc/kernel/exps/ToUpperCase.java
875,openjpa-jdbc,ClobValueHandler,class,1,67,31,3,openjpa-jdbc/src/main/java/org/apache/openjpa/jdbc/meta/strats/ClobValueHandler.java
876,openjpa-kernel,UUIDHexSeq,class,1,72,31,7,openjpa-kernel/src/main/java/org/apache/openjpa/kernel/UUIDHexSeq.java
877,openjpa-kernel,UUIDStringSeq,class,1,72,31,7,openjpa-kernel/src/main/java/org/apache/openjpa/kernel/UUIDStringSeq.java
878,openjpa-kernel,UUIDType4HexSeq,class,1,72,31,7,openjpa-kernel/src/main/java/org/apache/openjpa/kernel/UUIDType4HexSeq.java
879,openjpa-kernel,UnaryMathVal,class,1,76,31,5,openjpa-kernel/src/main/java/org/apache/openjpa/kernel/exps/UnaryMathVal.java
880,openjpa-jdbc,ContainsExpression,class,1,68,30,3,openjpa-jdbc/src/main/java/org/apache/openjpa/jdbc/kernel/exps/ContainsExpression.java
881,openjpa-jdbc,Index,class,1,65,30,5,openjpa-jdbc/src/main/java/org/apache/openjpa/jdbc/kernel/exps/Index.java
882,openjpa-jdbc,Size,class,1,65,30,5,openjpa-jdbc/src/main/java/org/apache/openjpa/jdbc/kernel/exps/Size.java
883,openjpa-kernel,All,class,1,64,30,3,openjpa-kernel/src/main/java/org/apache/openjpa/kernel/exps/All.java
884,openjpa-kernel,Any,class,1,63,30,3,openjpa-kernel/src/main/java/org/apache/openjpa/kernel/exps/Any.java
885,openjpa-kernel,GetMapValue,class,1,67,30,5,openjpa-kernel/src/main/java/org/apache/openjpa/kernel/exps/GetMapValue.java
886,openjpa-kernel,ValExpression,class,1,66,30,4,openjpa-kernel/src/main/java/org/apache/openjpa/kernel/exps/ValExpression.java
887,openjpa-jdbc,InstanceResultObjectProvider,class,1,67,29,2,openjpa-jdbc/src/main/java/org/apache/openjpa/jdbc/kernel/InstanceResultObjectProvider.java
888,openjpa-jdbc,BlobValueHandler,class,1,62,29,3,openjpa-jdbc/src/main/java/org/apache/openjpa/jdbc/meta/strats/BlobValueHandler.java
889,openjpa-kernel,ToUpperCase,class,1,65,29,5,openjpa-kernel/src/main/java/org/apache/openjpa/kernel/exps/ToUpperCase.java
890,openjpa-lib,AbstractMapEntry,class,1,93,29,4,openjpa-lib/src/main/java/org/apache/openjpa/lib/util/collections/AbstractMapEntry.java
891,openjpa-kernel,GetObjectId,class,1,64,28,5,openjpa-kernel/src/main/java/org/apache/openjpa/kernel/exps/GetObjectId.java
892,openjpa-kernel,ToLowerCase,class,1,64,28,5,openjpa-kernel/src/main/java/org/apache/openjpa/kernel/exps/ToLowerCase.java
893,openjpa-kernel,Type,class,1,66,28,5,openjpa-kernel/src/main/java/org/apache/openjpa/kernel/exps/Type.java
894,openjpa-kernel,NotExpression,class,1,64,27,4,openjpa-kernel/src/main/java/org/apache/openjpa/kernel/exps/NotExpression.java
895,openjpa-persistence,TraversableResolverImpl,class,1,80,27,3,openjpa-persistence/src/main/java/org/apache/openjpa/persistence/validation/TraversableResolverImpl.java
896,openjpa-kernel,ValuePath,class,1,63,26,4,openjpa-kernel/src/main/java/org/apache/openjpa/kernel/exps/ValuePath.java
897,openjpa-kernel,SingleJVMRemoteCommitProvider,class,1,67,25,3,openjpa-kernel/src/main/java/org/apache/openjpa/event/SingleJVMRemoteCommitProvider.java
898,openjpa-kernel,ObjectNotFoundException,class,1,59,25,4,openjpa-kernel/src/main/java/org/apache/openjpa/util/ObjectNotFoundException.java
899,openjpa-lib,InstrumentationProvider,interface,1,169,25,0,openjpa-lib/src/main/java/org/apache/openjpa/lib/instrumentation/InstrumentationProvider.java
900,openjpa-kernel,Max,class,1,58,24,3,openjpa-kernel/src/main/java/org/apache/openjpa/kernel/exps/Max.java
901,openjpa-kernel,Min,class,1,58,24,3,openjpa-kernel/src/main/java/org/apache/openjpa/kernel/exps/Min.java
902,openjpa-jest,ExceptionFormatter,class,1,63,23,1,openjpa-jest/src/main/java/org/apache/openjpa/persistence/jest/ExceptionFormatter.java
903,openjpa-lib,AbstractUntypedIteratorDecorator,class,1,68,23,4,openjpa-lib/src/main/java/org/apache/openjpa/lib/util/collections/AbstractUntypedIteratorDecorator.java
904,openjpa-persistence,StoreCache,interface,1,117,23,0,openjpa-persistence/src/main/java/org/apache/openjpa/persistence/StoreCache.java
905,openjpa-jdbc,NoneDiscriminatorStrategy,class,1,64,22,4,openjpa-jdbc/src/main/java/org/apache/openjpa/jdbc/meta/strats/NoneDiscriminatorStrategy.java
906,openjpa-kernel,Size,class,1,54,22,3,openjpa-kernel/src/main/java/org/apache/openjpa/kernel/exps/Size.java
907,openjpa-kernel,MultiLoaderClassResolver,class,1,55,22,4,openjpa-kernel/src/main/java/org/apache/openjpa/util/MultiLoaderClassResolver.java
908,openjpa-jdbc,NoneVersionStrategy,class,1,61,21,4,openjpa-jdbc/src/main/java/org/apache/openjpa/jdbc/meta/strats/NoneVersionStrategy.java
909,openjpa-jest,PropertiesFormatter,class,1,50,21,1,openjpa-jest/src/main/java/org/apache/openjpa/persistence/jest/PropertiesFormatter.java
910,openjpa-kernel,Count,class,1,56,21,3,openjpa-kernel/src/main/java/org/apache/openjpa/kernel/exps/Count.java
911,openjpa-jdbc,HasContainsExpressionVisitor,class,1,49,20,2,openjpa-jdbc/src/main/java/org/apache/openjpa/jdbc/kernel/exps/HasContainsExpressionVisitor.java
912,openjpa-jdbc,NoneFieldStrategy,class,1,60,20,4,openjpa-jdbc/src/main/java/org/apache/openjpa/jdbc/meta/strats/NoneFieldStrategy.java
913,openjpa-kernel,QueryCache,interface,1,147,20,0,openjpa-kernel/src/main/java/org/apache/openjpa/datacache/QueryCache.java
914,openjpa-jest,JSON,interface,1,55,19,0,openjpa-jest/src/main/java/org/apache/openjpa/json/JSON.java
915,openjpa-jest,JSON,interface,1,55,19,0,openjpa-jest/src/main/java/org/apache/openjpa/persistence/jest/JSON.java
916,openjpa-kernel,BrokerFactoryEvent,class,1,60,19,3,openjpa-kernel/src/main/java/org/apache/openjpa/event/BrokerFactoryEvent.java
917,openjpa-kernel,OpCallbacks,interface,1,56,18,0,openjpa-kernel/src/main/java/org/apache/openjpa/kernel/OpCallbacks.java
918,openjpa-kernel,Index,class,1,52,18,3,openjpa-kernel/src/main/java/org/apache/openjpa/kernel/exps/Index.java
919,openjpa-jdbc,ContainsKeyExpression,class,1,51,17,2,openjpa-jdbc/src/main/java/org/apache/openjpa/jdbc/kernel/exps/ContainsKeyExpression.java
920,openjpa-jest,ObjectFormatter,interface,1,107,17,0,openjpa-jest/src/main/java/org/apache/openjpa/persistence/jest/ObjectFormatter.java
921,openjpa-lib,GitUtils,class,1,51,17,1,openjpa-lib/src/main/java/org/apache/openjpa/lib/util/git/GitUtils.java
922,openjpa-kernel,Exponential,class,1,48,16,3,openjpa-kernel/src/main/java/org/apache/openjpa/kernel/exps/Exponential.java
923,openjpa-kernel,NaturalLogarithm,class,1,48,16,3,openjpa-kernel/src/main/java/org/apache/openjpa/kernel/exps/NaturalLogarithm.java
924,openjpa-kernel,Sqrt,class,1,49,16,3,openjpa-kernel/src/main/java/org/apache/openjpa/kernel/exps/Sqrt.java
925,openjpa-lib,LogFactoryAdapter,class,1,52,16,1,openjpa-lib/src/main/java/org/apache/openjpa/lib/log/LogFactoryAdapter.java
926,openjpa-persistence,ConstantExpression,class,1,46,16,3,openjpa-persistence/src/main/java/org/apache/openjpa/persistence/query/ConstantExpression.java
927,openjpa-jdbc,Avg,class,1,46,15,3,openjpa-jdbc/src/main/java/org/apache/openjpa/jdbc/kernel/exps/Avg.java
928,openjpa-jdbc,Max,class,1,47,15,3,openjpa-jdbc/src/main/java/org/apache/openjpa/jdbc/kernel/exps/Max.java
929,openjpa-jdbc,Min,class,1,47,15,3,openjpa-jdbc/src/main/java/org/apache/openjpa/jdbc/kernel/exps/Min.java
930,openjpa-lib,JDBCListener,interface,1,91,15,0,openjpa-lib/src/main/java/org/apache/openjpa/lib/jdbc/JDBCListener.java
931,openjpa-persistence,LockScopesHelper,class,1,50,15,2,openjpa-persistence/src/main/java/org/apache/openjpa/persistence/LockScopesHelper.java
932,openjpa-kernel,EndsWithExpression,class,1,46,14,2,openjpa-kernel/src/main/java/org/apache/openjpa/kernel/exps/EndsWithExpression.java
933,openjpa-kernel,StartsWithExpression,class,1,46,14,2,openjpa-kernel/src/main/java/org/apache/openjpa/kernel/exps/StartsWithExpression.java
934,openjpa-kernel,Add,class,1,46,13,2,openjpa-kernel/src/main/java/org/apache/openjpa/kernel/exps/Add.java
935,openjpa-kernel,Divide,class,1,47,13,2,openjpa-kernel/src/main/java/org/apache/openjpa/kernel/exps/Divide.java
936,openjpa-kernel,EqualExpression,class,1,46,13,2,openjpa-kernel/src/main/java/org/apache/openjpa/kernel/exps/EqualExpression.java
937,openjpa-kernel,Mod,class,1,47,13,2,openjpa-kernel/src/main/java/org/apache/openjpa/kernel/exps/Mod.java
938,openjpa-kernel,Multiply,class,1,47,13,2,openjpa-kernel/src/main/java/org/apache/openjpa/kernel/exps/Multiply.java
939,openjpa-kernel,NotEqualExpression,class,1,46,13,2,openjpa-kernel/src/main/java/org/apache/openjpa/kernel/exps/NotEqualExpression.java
940,openjpa-kernel,Power,class,1,47,13,2,openjpa-kernel/src/main/java/org/apache/openjpa/kernel/exps/Power.java
941,openjpa-kernel,Round,class,1,46,13,2,openjpa-kernel/src/main/java/org/apache/openjpa/kernel/exps/Round.java
942,openjpa-kernel,Subtract,class,1,47,13,2,openjpa-kernel/src/main/java/org/apache/openjpa/kernel/exps/Subtract.java
943,openjpa-slice,DistributionPolicy,interface,1,73,13,1,openjpa-slice/src/main/java/org/apache/openjpa/slice/DistributionPolicy.java
944,openjpa-jdbc,All,class,1,42,12,2,openjpa-jdbc/src/main/java/org/apache/openjpa/jdbc/kernel/exps/All.java
945,openjpa-jdbc,Any,class,1,42,12,2,openjpa-jdbc/src/main/java/org/apache/openjpa/jdbc/kernel/exps/Any.java
946,openjpa-jdbc,Union,interface,1,66,12,0,openjpa-jdbc/src/main/java/org/apache/openjpa/jdbc/sql/Union.java
947,openjpa-kernel,FinalizingBrokerImpl,class,1,46,12,1,openjpa-kernel/src/main/java/org/apache/openjpa/kernel/FinalizingBrokerImpl.java
948,openjpa-kernel,AggregateListener,interface,1,73,12,0,openjpa-kernel/src/main/java/org/apache/openjpa/kernel/exps/AggregateListener.java
949,openjpa-kernel,FilterListener,interface,1,90,12,0,openjpa-kernel/src/main/java/org/apache/openjpa/kernel/exps/FilterListener.java
950,openjpa-persistence,ModExpression,class,1,41,12,2,openjpa-persistence/src/main/java/org/apache/openjpa/persistence/query/ModExpression.java
951,openjpa-slice,ReplicationPolicy,interface,1,65,12,1,openjpa-slice/src/main/java/org/apache/openjpa/slice/ReplicationPolicy.java
952,openjpa-persistence-jdbc,EagerFetchMode,annotation,1,41,11,0,openjpa-persistence-jdbc/src/main/java/org/apache/openjpa/persistence/jdbc/EagerFetchMode.java
953,openjpa-persistence-jdbc,ElementNonpolymorphic,annotation,1,42,11,0,openjpa-persistence-jdbc/src/main/java/org/apache/openjpa/persistence/jdbc/ElementNonpolymorphic.java
954,openjpa-persistence-jdbc,KeyNonpolymorphic,annotation,1,40,11,0,openjpa-persistence-jdbc/src/main/java/org/apache/openjpa/persistence/jdbc/KeyNonpolymorphic.java
955,openjpa-persistence-jdbc,Nonpolymorphic,annotation,1,41,11,0,openjpa-persistence-jdbc/src/main/java/org/apache/openjpa/persistence/jdbc/Nonpolymorphic.java
956,openjpa-persistence,ReadOnly,annotation,1,41,11,0,openjpa-persistence/src/main/java/org/apache/openjpa/persistence/ReadOnly.java
957,openjpa-jdbc,JDBCAggregateListener,interface,1,46,10,0,openjpa-jdbc/src/main/java/org/apache/openjpa/jdbc/kernel/exps/JDBCAggregateListener.java
958,openjpa-jdbc,JDBCFilterListener,interface,1,48,10,0,openjpa-jdbc/src/main/java/org/apache/openjpa/jdbc/kernel/exps/JDBCFilterListener.java
959,openjpa-jest,IOR,class,1,45,10,1,openjpa-jest/src/main/java/org/apache/openjpa/persistence/jest/IOR.java
960,openjpa-kernel,Auditable,annotation,1,42,10,0,openjpa-kernel/src/main/java/org/apache/openjpa/audit/Auditable.java
961,openjpa-kernel,OpenJPAProductDerivation,interface,1,45,10,0,openjpa-kernel/src/main/java/org/apache/openjpa/conf/OpenJPAProductDerivation.java
962,openjpa-kernel,Resolver,interface,1,62,10,0,openjpa-kernel/src/main/java/org/apache/openjpa/kernel/exps/Resolver.java
963,openjpa-persistence-jdbc,SubclassFetchMode,annotation,1,40,10,0,openjpa-persistence-jdbc/src/main/java/org/apache/openjpa/persistence/jdbc/SubclassFetchMode.java
964,openjpa-jdbc,QueryExpressionsState,class,1,36,9,0,openjpa-jdbc/src/main/java/org/apache/openjpa/jdbc/kernel/exps/QueryExpressionsState.java
965,openjpa-lib,MetaDataFilter,interface,1,52,9,0,openjpa-lib/src/main/java/org/apache/openjpa/lib/meta/MetaDataFilter.java
966,openjpa-jdbc,JDBCSeq,interface,1,42,8,0,openjpa-jdbc/src/main/java/org/apache/openjpa/jdbc/kernel/JDBCSeq.java
967,openjpa-kernel,LifecycleCallbacks,interface,1,43,8,0,openjpa-kernel/src/main/java/org/apache/openjpa/event/LifecycleCallbacks.java
968,openjpa-persistence,QueryExpression,class,1,37,8,1,openjpa-persistence/src/main/java/org/apache/openjpa/persistence/query/QueryExpression.java
969,openjpa-slice,DistributedJDBCConfiguration,interface,1,40,8,0,openjpa-slice/src/main/java/org/apache/openjpa/slice/jdbc/DistributedJDBCConfiguration.java
970,openjpa-lib,ResourceBundleProvider,interface,1,40,7,0,openjpa-lib/src/main/java/org/apache/openjpa/lib/util/ResourceBundleProvider.java
971,openjpa-persistence,AllExpression,class,1,35,7,1,openjpa-persistence/src/main/java/org/apache/openjpa/persistence/query/AllExpression.java
972,openjpa-persistence,AnyExpression,class,1,35,7,1,openjpa-persistence/src/main/java/org/apache/openjpa/persistence/query/AnyExpression.java
973,openjpa-persistence,SomeExpression,class,1,35,7,1,openjpa-persistence/src/main/java/org/apache/openjpa/persistence/query/SomeExpression.java
974,openjpa-slice,DistributedStoreManager,interface,1,49,7,0,openjpa-slice/src/main/java/org/apache/openjpa/slice/DistributedStoreManager.java
975,openjpa-slice,QueryTargetPolicy,interface,1,54,7,0,openjpa-slice/src/main/java/org/apache/openjpa/slice/QueryTargetPolicy.java
976,openjpa-jdbc,JDBCPath,interface,1,33,6,0,openjpa-jdbc/src/main/java/org/apache/openjpa/jdbc/kernel/exps/JDBCPath.java
977,openjpa-jdbc,RelationId,interface,1,39,6,0,openjpa-jdbc/src/main/java/org/apache/openjpa/jdbc/meta/RelationId.java
978,openjpa-jdbc,SQLFactory,interface,1,47,6,0,openjpa-jdbc/src/main/java/org/apache/openjpa/jdbc/sql/SQLFactory.java
979,openjpa-kernel,CacheDistributionPolicy,interface,1,61,6,0,openjpa-kernel/src/main/java/org/apache/openjpa/datacache/CacheDistributionPolicy.java
980,openjpa-kernel,BrokerFactoryListener,interface,1,39,6,0,openjpa-kernel/src/main/java/org/apache/openjpa/event/BrokerFactoryListener.java
981,openjpa-kernel,OrphanedKeyAction,interface,1,44,6,0,openjpa-kernel/src/main/java/org/apache/openjpa/event/OrphanedKeyAction.java
982,openjpa-kernel,Expression,interface,1,37,6,0,openjpa-kernel/src/main/java/org/apache/openjpa/kernel/exps/Expression.java
983,openjpa-kernel,RuntimeExceptionTranslator,interface,1,36,6,0,openjpa-kernel/src/main/java/org/apache/openjpa/util/RuntimeExceptionTranslator.java
984,openjpa-kernel,ProxyBean,interface,1,38,6,0,openjpa-kernel/src/main/java/org/apache/openjpa/util/proxy/ProxyBean.java
985,openjpa-kernel,ProxyCalendar,interface,1,37,6,0,openjpa-kernel/src/main/java/org/apache/openjpa/util/proxy/ProxyCalendar.java
986,openjpa-kernel,ProxyDate,interface,1,37,6,0,openjpa-kernel/src/main/java/org/apache/openjpa/util/proxy/ProxyDate.java
987,openjpa-lib,ConnectionDecorator,interface,1,37,6,0,openjpa-lib/src/main/java/org/apache/openjpa/lib/jdbc/ConnectionDecorator.java
988,openjpa-lib,Commentable,interface,1,40,6,0,openjpa-lib/src/main/java/org/apache/openjpa/lib/xml/Commentable.java
989,openjpa-slice,DistributedBrokerFactory,interface,1,48,6,0,openjpa-slice/src/main/java/org/apache/openjpa/slice/DistributedBrokerFactory.java
990,openjpa-kernel,AttributeTranslator,interface,1,34,5,0,openjpa-kernel/src/main/java/org/apache/openjpa/enhance/AttributeTranslator.java
991,openjpa-kernel,Arguments,interface,1,34,5,0,openjpa-kernel/src/main/java/org/apache/openjpa/kernel/exps/Arguments.java
992,openjpa-kernel,ClassResolver,interface,1,45,5,0,openjpa-kernel/src/main/java/org/apache/openjpa/util/ClassResolver.java
993,openjpa-kernel,BytecodeWriter,interface,1,32,5,0,openjpa-kernel/src/main/java/org/apache/openjpa/util/asm/BytecodeWriter.java
994,openjpa-lib,GenericConfigurable,interface,1,42,5,0,openjpa-lib/src/main/java/org/apache/openjpa/lib/conf/GenericConfigurable.java
995,openjpa-lib,OrderedBidiMap,interface,1,53,5,0,openjpa-lib/src/main/java/org/apache/openjpa/lib/util/collections/OrderedBidiMap.java
996,openjpa-slice,FinderTargetPolicy,interface,1,51,5,0,openjpa-slice/src/main/java/org/apache/openjpa/slice/FinderTargetPolicy.java
997,openjpa-kernel,ExpirationListener,interface,1,34,4,0,openjpa-kernel/src/main/java/org/apache/openjpa/datacache/ExpirationListener.java
998,openjpa-kernel,TypesChangedListener,interface,1,34,4,0,openjpa-kernel/src/main/java/org/apache/openjpa/datacache/TypesChangedListener.java
999,openjpa-kernel,ManagedInstanceProvider,interface,1,29,4,0,openjpa-kernel/src/main/java/org/apache/openjpa/enhance/ManagedInstanceProvider.java
1000,openjpa-kernel,BeginTransactionListener,interface,1,37,4,0,openjpa-kernel/src/main/java/org/apache/openjpa/event/BeginTransactionListener.java
1001,openjpa-kernel,PostDeleteListener,interface,1,34,4,0,openjpa-kernel/src/main/java/org/apache/openjpa/event/PostDeleteListener.java
1002,openjpa-kernel,PostPersistListener,interface,1,34,4,0,openjpa-kernel/src/main/java/org/apache/openjpa/event/PostPersistListener.java
1003,openjpa-kernel,ObjectFactory,interface,1,34,4,0,openjpa-kernel/src/main/java/org/apache/openjpa/kernel/ObjectFactory.java
1004,openjpa-kernel,MetaDataContext,interface,1,33,4,0,openjpa-kernel/src/main/java/org/apache/openjpa/meta/MetaDataContext.java
1005,openjpa-lib,ValueListener,interface,1,33,4,0,openjpa-lib/src/main/java/org/apache/openjpa/lib/conf/ValueListener.java
1006,openjpa-lib,LogFactory,interface,1,33,4,0,openjpa-lib/src/main/java/org/apache/openjpa/lib/log/LogFactory.java
1007,openjpa-lib,Clearable,interface,1,30,4,0,openjpa-lib/src/main/java/org/apache/openjpa/lib/util/Clearable.java
1008,openjpa-persistence,Aggregate,interface,1,31,4,0,openjpa-persistence/src/main/java/org/apache/openjpa/persistence/query/Aggregate.java
1009,openjpa-jdbc,ValueMapDiscriminatorStrategy,class,0,185,124,7,openjpa-jdbc/src/main/java/org/apache/openjpa/jdbc/meta/strats/ValueMapDiscriminatorStrategy.java
1010,openjpa-jdbc,VerticalClassStrategy,class,0,169,114,9,openjpa-jdbc/src/main/java/org/apache/openjpa/jdbc/meta/strats/VerticalClassStrategy.java
1011,openjpa-kernel,DelegatingMetaDataFactory,class,0,164,105,23,openjpa-kernel/src/main/java/org/apache/openjpa/meta/DelegatingMetaDataFactory.java
1012,openjpa-jdbc,AbstractVal,class,0,143,96,18,openjpa-jdbc/src/main/java/org/apache/openjpa/jdbc/kernel/exps/AbstractVal.java
1013,openjpa-jdbc,ContainerFieldStrategy,class,0,148,91,9,openjpa-jdbc/src/main/java/org/apache/openjpa/jdbc/meta/strats/ContainerFieldStrategy.java
1014,openjpa-kernel,ConcurrentQueryCache,class,0,181,90,19,openjpa-kernel/src/main/java/org/apache/openjpa/datacache/ConcurrentQueryCache.java
1015,openjpa-jdbc,RelationCollectionTableFieldStrategy,class,0,130,88,13,openjpa-jdbc/src/main/java/org/apache/openjpa/jdbc/meta/strats/RelationCollectionTableFieldStrategy.java
1016,openjpa-jdbc,MaxEmbeddedBlobFieldStrategy,class,0,127,82,7,openjpa-jdbc/src/main/java/org/apache/openjpa/jdbc/meta/strats/MaxEmbeddedBlobFieldStrategy.java
1017,openjpa-lib,ObjectValue,class,0,159,82,14,openjpa-lib/src/main/java/org/apache/openjpa/lib/conf/ObjectValue.java
1018,openjpa-jdbc,AbstractDB2Dictionary,class,0,119,78,3,openjpa-jdbc/src/main/java/org/apache/openjpa/jdbc/sql/AbstractDB2Dictionary.java
1019,openjpa-lib,AbstractSortedMapDecorator,class,0,170,78,16,openjpa-lib/src/main/java/org/apache/openjpa/lib/util/collections/AbstractSortedMapDecorator.java
1020,openjpa-jdbc,MaxEmbeddedByteArrayFieldStrategy,class,0,115,74,8,openjpa-jdbc/src/main/java/org/apache/openjpa/jdbc/meta/strats/MaxEmbeddedByteArrayFieldStrategy.java
1021,openjpa-kernel,PNewState,class,0,116,73,1,openjpa-kernel/src/main/java/org/apache/openjpa/kernel/PNewState.java
1022,openjpa-kernel,PNewProvisionalState,class,0,113,70,1,openjpa-kernel/src/main/java/org/apache/openjpa/kernel/PNewProvisionalState.java
1023,openjpa-jdbc,RelationCollectionInverseKeyFieldStrategy,class,0,109,69,10,openjpa-jdbc/src/main/java/org/apache/openjpa/jdbc/meta/strats/RelationCollectionInverseKeyFieldStrategy.java
1024,openjpa-jdbc,FileSchemaFactory,class,0,114,65,8,openjpa-jdbc/src/main/java/org/apache/openjpa/jdbc/schema/FileSchemaFactory.java
1025,openjpa-persistence-jdbc,IsolationLevel,enum,0,109,65,8,openjpa-persistence-jdbc/src/main/java/org/apache/openjpa/persistence/jdbc/IsolationLevel.java
1026,openjpa-lib,NoneLogFactory,class,0,112,63,17,openjpa-lib/src/main/java/org/apache/openjpa/lib/log/NoneLogFactory.java
1027,openjpa-lib,LRUMap,class,0,105,63,12,openjpa-lib/src/main/java/org/apache/openjpa/lib/util/LRUMap.java
1028,openjpa-jdbc,MaxEmbeddedClobFieldStrategy,class,0,102,62,7,openjpa-jdbc/src/main/java/org/apache/openjpa/jdbc/meta/strats/MaxEmbeddedClobFieldStrategy.java
1029,openjpa-kernel,ECopyState,class,0,101,59,1,openjpa-kernel/src/main/java/org/apache/openjpa/kernel/ECopyState.java
1030,openjpa-jdbc,WhenCondition,class,0,101,56,9,openjpa-jdbc/src/main/java/org/apache/openjpa/jdbc/kernel/exps/WhenCondition.java
1031,openjpa-jdbc,AbstractDiscriminatorStrategy,class,0,106,56,6,openjpa-jdbc/src/main/java/org/apache/openjpa/jdbc/meta/strats/AbstractDiscriminatorStrategy.java
1032,openjpa-jdbc,AbstractStrategy,class,0,97,56,12,openjpa-jdbc/src/main/java/org/apache/openjpa/jdbc/meta/strats/AbstractStrategy.java
1033,openjpa-jdbc,WhenScalar,class,0,97,55,9,openjpa-jdbc/src/main/java/org/apache/openjpa/jdbc/kernel/exps/WhenScalar.java
1034,openjpa-jdbc,NameSet,class,0,114,55,6,openjpa-jdbc/src/main/java/org/apache/openjpa/jdbc/schema/NameSet.java
1035,openjpa-jdbc,AbstractVersionStrategy,class,0,94,54,8,openjpa-jdbc/src/main/java/org/apache/openjpa/jdbc/meta/strats/AbstractVersionStrategy.java
1036,openjpa-lib,UnmodifiableSet,class,0,118,54,10,openjpa-lib/src/main/java/org/apache/openjpa/lib/util/collections/UnmodifiableSet.java
1037,openjpa-jdbc,AbstractClassStrategy,class,0,92,53,7,openjpa-jdbc/src/main/java/org/apache/openjpa/jdbc/meta/strats/AbstractClassStrategy.java
1038,openjpa-kubernetes,KubernetesTCPRemoteCommitProvider,class,0,87,53,7,openjpa-kubernetes/src/main/java/org/apache/openjpa/event/kubernetes/KubernetesTCPRemoteCommitProvider.java
1039,openjpa-lib,UnmodifiableCollection,class,0,119,53,10,openjpa-lib/src/main/java/org/apache/openjpa/lib/util/collections/UnmodifiableCollection.java
1040,openjpa-persistence-jdbc,FetchMode,enum,0,91,53,6,openjpa-persistence-jdbc/src/main/java/org/apache/openjpa/persistence/jdbc/FetchMode.java
1041,openjpa-kernel,ENonTransState,class,0,95,52,1,openjpa-kernel/src/main/java/org/apache/openjpa/kernel/ENonTransState.java
1042,openjpa-lib,AbstractInstrument,class,0,90,52,10,openjpa-lib/src/main/java/org/apache/openjpa/lib/instrumentation/AbstractInstrument.java
1043,openjpa-jdbc,JDBCProductDerivation,class,0,89,51,4,openjpa-jdbc/src/main/java/org/apache/openjpa/jdbc/conf/JDBCProductDerivation.java
1044,openjpa-kernel,TDirtyState,class,0,90,51,1,openjpa-kernel/src/main/java/org/apache/openjpa/kernel/TDirtyState.java
1045,openjpa-kernel,ValueMetaData,interface,0,337,51,0,openjpa-kernel/src/main/java/org/apache/openjpa/meta/ValueMetaData.java
1046,openjpa-persistence-jdbc,ResultSetType,enum,0,88,50,6,openjpa-persistence-jdbc/src/main/java/org/apache/openjpa/persistence/jdbc/ResultSetType.java
1047,openjpa-persistence,JoinPath,class,0,87,50,8,openjpa-persistence/src/main/java/org/apache/openjpa/persistence/query/JoinPath.java
1048,openjpa-jdbc,SuperclassDiscriminatorStrategy,class,0,85,49,5,openjpa-jdbc/src/main/java/org/apache/openjpa/jdbc/meta/strats/SuperclassDiscriminatorStrategy.java
1049,openjpa-kernel,TransactionEvent,class,0,160,49,6,openjpa-kernel/src/main/java/org/apache/openjpa/event/TransactionEvent.java
1050,openjpa-kernel,EDeletedState,class,0,88,49,2,openjpa-kernel/src/main/java/org/apache/openjpa/kernel/EDeletedState.java
1051,openjpa-persistence-jdbc,PersistenceMappingFactory,class,0,83,48,4,openjpa-persistence-jdbc/src/main/java/org/apache/openjpa/persistence/jdbc/PersistenceMappingFactory.java
1052,openjpa-persistence,TupleFactory,class,0,94,48,7,openjpa-persistence/src/main/java/org/apache/openjpa/persistence/TupleFactory.java
1053,openjpa-jdbc,GetColumn,class,0,92,47,6,openjpa-jdbc/src/main/java/org/apache/openjpa/jdbc/kernel/exps/GetColumn.java
1054,openjpa-jdbc,AccessDictionary,class,0,89,47,2,openjpa-jdbc/src/main/java/org/apache/openjpa/jdbc/sql/AccessDictionary.java
1055,openjpa-kernel,BrokerValue,class,0,85,47,4,openjpa-kernel/src/main/java/org/apache/openjpa/conf/BrokerValue.java
1056,openjpa-kernel,BigDecimalId,class,0,83,47,8,openjpa-kernel/src/main/java/org/apache/openjpa/util/BigDecimalId.java
1057,openjpa-kernel,BigIntegerId,class,0,83,47,8,openjpa-kernel/src/main/java/org/apache/openjpa/util/BigIntegerId.java
1058,openjpa-jdbc,NumberVersionStrategy,class,0,90,46,6,openjpa-jdbc/src/main/java/org/apache/openjpa/jdbc/meta/strats/NumberVersionStrategy.java
1059,openjpa-jdbc,PrimaryKey,class,0,97,45,7,openjpa-jdbc/src/main/java/org/apache/openjpa/jdbc/schema/PrimaryKey.java
1060,openjpa-kernel,PNonTransDirtyState,class,0,84,45,1,openjpa-kernel/src/main/java/org/apache/openjpa/kernel/PNonTransDirtyState.java
1061,openjpa-kernel,AbstractTransactionListener,class,0,83,42,10,openjpa-kernel/src/main/java/org/apache/openjpa/event/AbstractTransactionListener.java
1062,openjpa-persistence,CriteriaExpressionVisitor,interface,0,111,42,5,openjpa-persistence/src/main/java/org/apache/openjpa/persistence/criteria/CriteriaExpressionVisitor.java
1063,openjpa-jdbc,JDBCFetchConfiguration,interface,0,265,41,0,openjpa-jdbc/src/main/java/org/apache/openjpa/jdbc/kernel/JDBCFetchConfiguration.java
1064,openjpa-jdbc,MappingStrategyInstaller,class,0,78,41,6,openjpa-jdbc/src/main/java/org/apache/openjpa/jdbc/meta/MappingStrategyInstaller.java
1065,openjpa-jdbc,LRSMapFieldStrategy,interface,0,153,41,0,openjpa-jdbc/src/main/java/org/apache/openjpa/jdbc/meta/strats/LRSMapFieldStrategy.java
1066,openjpa-jest,PropertiesCommand,class,0,79,41,5,openjpa-jest/src/main/java/org/apache/openjpa/persistence/jest/PropertiesCommand.java
1067,openjpa-kernel,PNonTransNewState,class,0,77,41,1,openjpa-kernel/src/main/java/org/apache/openjpa/kernel/PNonTransNewState.java
1068,openjpa-lib,DoubleValue,class,0,81,41,7,openjpa-lib/src/main/java/org/apache/openjpa/lib/conf/DoubleValue.java
1069,openjpa-lib,IntValue,class,0,81,41,7,openjpa-lib/src/main/java/org/apache/openjpa/lib/conf/IntValue.java
1070,openjpa-jdbc,FlatClassStrategy,class,0,76,40,3,openjpa-jdbc/src/main/java/org/apache/openjpa/jdbc/meta/strats/FlatClassStrategy.java
1071,openjpa-kernel,DoubleId,class,0,76,40,9,openjpa-kernel/src/main/java/org/apache/openjpa/util/DoubleId.java
1072,openjpa-kernel,FloatId,class,0,75,39,9,openjpa-kernel/src/main/java/org/apache/openjpa/util/FloatId.java
1073,openjpa-lib,FileValue,class,0,81,39,7,openjpa-lib/src/main/java/org/apache/openjpa/lib/conf/FileValue.java
1074,openjpa-lib,StringValue,class,0,81,39,7,openjpa-lib/src/main/java/org/apache/openjpa/lib/conf/StringValue.java
1075,openjpa-persistence,QueryBuilderImpl,class,0,84,39,7,openjpa-persistence/src/main/java/org/apache/openjpa/persistence/query/QueryBuilderImpl.java
1076,openjpa-jdbc,AbstractValueHandler,class,0,71,38,6,openjpa-jdbc/src/main/java/org/apache/openjpa/jdbc/meta/strats/AbstractValueHandler.java
1077,openjpa-kernel,TCleanState,class,0,78,38,1,openjpa-kernel/src/main/java/org/apache/openjpa/kernel/TCleanState.java
1078,openjpa-kernel,BooleanId,class,0,76,38,9,openjpa-kernel/src/main/java/org/apache/openjpa/util/BooleanId.java
1079,openjpa-kernel,ByteId,class,0,74,38,9,openjpa-kernel/src/main/java/org/apache/openjpa/util/ByteId.java
1080,openjpa-kernel,CharId,class,0,74,38,9,openjpa-kernel/src/main/java/org/apache/openjpa/util/CharId.java
1081,openjpa-kernel,IntId,class,0,75,38,9,openjpa-kernel/src/main/java/org/apache/openjpa/util/IntId.java
1082,openjpa-kernel,LongId,class,0,75,38,9,openjpa-kernel/src/main/java/org/apache/openjpa/util/LongId.java
1083,openjpa-kernel,ShortId,class,0,74,38,9,openjpa-kernel/src/main/java/org/apache/openjpa/util/ShortId.java
1084,openjpa-lib,BooleanValue,class,0,77,38,7,openjpa-lib/src/main/java/org/apache/openjpa/lib/conf/BooleanValue.java
1085,openjpa-lib,DualHashBidiMap,class,0,110,38,6,openjpa-lib/src/main/java/org/apache/openjpa/lib/util/collections/DualHashBidiMap.java
1086,openjpa-persistence,NewInstance,class,0,70,38,3,openjpa-persistence/src/main/java/org/apache/openjpa/persistence/query/NewInstance.java
1087,openjpa-persistence,UnaryOperator,enum,0,67,38,1,openjpa-persistence/src/main/java/org/apache/openjpa/persistence/query/UnaryOperator.java
1088,openjpa-kernel,AbstractRemoteCommitProvider,class,0,76,37,5,openjpa-kernel/src/main/java/org/apache/openjpa/event/AbstractRemoteCommitProvider.java
1089,openjpa-kernel,AbstractLockManager,class,0,95,37,7,openjpa-kernel/src/main/java/org/apache/openjpa/kernel/AbstractLockManager.java
1090,openjpa-kernel,UuidId,class,0,78,37,6,openjpa-kernel/src/main/java/org/apache/openjpa/util/UuidId.java
1091,openjpa-kernel,MetaDataRepositoryValue,class,0,75,36,2,openjpa-kernel/src/main/java/org/apache/openjpa/conf/MetaDataRepositoryValue.java
1092,openjpa-lib,AbstractKeyValue,class,0,93,36,6,openjpa-lib/src/main/java/org/apache/openjpa/lib/util/collections/AbstractKeyValue.java
1093,openjpa-persistence,NavigationPath,class,0,76,36,7,openjpa-persistence/src/main/java/org/apache/openjpa/persistence/query/NavigationPath.java
1094,openjpa-kernel,MetaDataFactory,interface,0,189,35,0,openjpa-kernel/src/main/java/org/apache/openjpa/meta/MetaDataFactory.java
1095,openjpa-persistence,BinaryOperatorExpression,class,0,69,35,6,openjpa-persistence/src/main/java/org/apache/openjpa/persistence/query/BinaryOperatorExpression.java
1096,openjpa-persistence,LocateExpression,class,0,71,35,5,openjpa-persistence/src/main/java/org/apache/openjpa/persistence/query/LocateExpression.java
1097,openjpa-jdbc,NoneStrategyInstaller,class,0,71,34,5,openjpa-jdbc/src/main/java/org/apache/openjpa/jdbc/meta/NoneStrategyInstaller.java
1098,openjpa-lib,AbstractOrderedMapDecorator,class,0,95,34,8,openjpa-lib/src/main/java/org/apache/openjpa/lib/util/collections/AbstractOrderedMapDecorator.java
1099,openjpa-lib,ReferenceMap,class,0,201,34,7,openjpa-lib/src/main/java/org/apache/openjpa/lib/util/collections/ReferenceMap.java
1100,openjpa-persistence,UnaryFunctionalOperator,enum,0,66,34,1,openjpa-persistence/src/main/java/org/apache/openjpa/persistence/query/UnaryFunctionalOperator.java
1101,openjpa-jdbc,SQLFactoryImpl,class,0,70,33,7,openjpa-jdbc/src/main/java/org/apache/openjpa/jdbc/sql/SQLFactoryImpl.java
1102,openjpa-kernel,StringContains,class,0,70,33,5,openjpa-kernel/src/main/java/org/apache/openjpa/kernel/exps/StringContains.java
1103,openjpa-kernel,ObjectId,class,0,71,33,6,openjpa-kernel/src/main/java/org/apache/openjpa/util/ObjectId.java
1104,openjpa-kernel,StringId,class,0,68,33,7,openjpa-kernel/src/main/java/org/apache/openjpa/util/StringId.java
1105,openjpa-kernel,UserException,class,0,69,33,7,openjpa-kernel/src/main/java/org/apache/openjpa/util/UserException.java
1106,openjpa-persistence,LogicalPredicate,class,0,65,33,5,openjpa-persistence/src/main/java/org/apache/openjpa/persistence/query/LogicalPredicate.java
1107,openjpa-persistence,SubStringExpression,class,0,64,33,5,openjpa-persistence/src/main/java/org/apache/openjpa/persistence/query/SubStringExpression.java
1108,openjpa-persistence,TrimExpression,class,0,64,33,3,openjpa-persistence/src/main/java/org/apache/openjpa/persistence/query/TrimExpression.java
1109,openjpa-jdbc,Ceiling,class,0,67,32,4,openjpa-jdbc/src/main/java/org/apache/openjpa/jdbc/kernel/exps/Ceiling.java
1110,openjpa-jdbc,Floor,class,0,67,32,4,openjpa-jdbc/src/main/java/org/apache/openjpa/jdbc/kernel/exps/Floor.java
1111,openjpa-kernel,InternalException,class,0,67,32,7,openjpa-kernel/src/main/java/org/apache/openjpa/util/InternalException.java
1112,openjpa-persistence,OperatorPath,class,0,68,32,7,openjpa-persistence/src/main/java/org/apache/openjpa/persistence/query/OperatorPath.java
1113,openjpa-jdbc,Abs,class,0,66,31,4,openjpa-jdbc/src/main/java/org/apache/openjpa/jdbc/kernel/exps/Abs.java
1114,openjpa-jdbc,SuperclassVersionStrategy,class,0,64,31,4,openjpa-jdbc/src/main/java/org/apache/openjpa/jdbc/meta/strats/SuperclassVersionStrategy.java
1115,openjpa-jdbc,Unique,class,0,81,31,7,openjpa-jdbc/src/main/java/org/apache/openjpa/jdbc/schema/Unique.java
1116,openjpa-jdbc,SelectExecutor,interface,0,155,31,0,openjpa-jdbc/src/main/java/org/apache/openjpa/jdbc/sql/SelectExecutor.java
1117,openjpa-kernel,CacheStatistics,interface,0,172,31,0,openjpa-kernel/src/main/java/org/apache/openjpa/datacache/CacheStatistics.java
1118,openjpa-kernel,QueryResult,class,0,85,31,6,openjpa-kernel/src/main/java/org/apache/openjpa/datacache/QueryResult.java
1119,openjpa-kernel,TimeSeededSeq,class,0,72,31,7,openjpa-kernel/src/main/java/org/apache/openjpa/kernel/TimeSeededSeq.java
1120,openjpa-persistence,RootPath,class,0,66,31,7,openjpa-persistence/src/main/java/org/apache/openjpa/persistence/query/RootPath.java
1121,openjpa-kernel,StoreException,class,0,63,30,6,openjpa-kernel/src/main/java/org/apache/openjpa/util/StoreException.java
1122,openjpa-jdbc,JDBCWildcardMatch,class,0,65,29,1,openjpa-jdbc/src/main/java/org/apache/openjpa/jdbc/kernel/exps/JDBCWildcardMatch.java
1123,openjpa-kernel,PreparedQueryCache,interface,0,242,29,0,openjpa-kernel/src/main/java/org/apache/openjpa/kernel/PreparedQueryCache.java
1124,openjpa-persistence,EntityManagerFactoryValue,class,0,66,29,2,openjpa-persistence/src/main/java/org/apache/openjpa/persistence/EntityManagerFactoryValue.java
1125,openjpa-persistence,OpenJPAEntityManagerFactory,interface,0,150,29,0,openjpa-persistence/src/main/java/org/apache/openjpa/persistence/OpenJPAEntityManagerFactory.java
1126,openjpa-slice,ProductDerivation,class,0,74,29,4,openjpa-slice/src/main/java/org/apache/openjpa/slice/ProductDerivation.java
1127,openjpa-jdbc,Strategy,interface,0,137,28,0,openjpa-jdbc/src/main/java/org/apache/openjpa/jdbc/meta/Strategy.java
1128,openjpa-jdbc,LRSCollectionFieldStrategy,interface,0,100,28,0,openjpa-jdbc/src/main/java/org/apache/openjpa/jdbc/meta/strats/LRSCollectionFieldStrategy.java
1129,openjpa-jdbc,JDBCSeqValue,class,0,61,27,1,openjpa-jdbc/src/main/java/org/apache/openjpa/jdbc/conf/JDBCSeqValue.java
1130,openjpa-jdbc,JDBCStringContains,class,0,60,27,1,openjpa-jdbc/src/main/java/org/apache/openjpa/jdbc/kernel/exps/JDBCStringContains.java
1131,openjpa-jdbc,Null,class,0,60,27,5,openjpa-jdbc/src/main/java/org/apache/openjpa/jdbc/kernel/exps/Null.java
1132,openjpa-jdbc,ClassStrategy,interface,0,116,27,0,openjpa-jdbc/src/main/java/org/apache/openjpa/jdbc/meta/ClassStrategy.java
1133,openjpa-kernel,DataCacheInstrument,interface,0,143,27,0,openjpa-kernel/src/main/java/org/apache/openjpa/instrumentation/DataCacheInstrument.java
1134,openjpa-kernel,GeneralException,class,0,62,27,7,openjpa-kernel/src/main/java/org/apache/openjpa/util/GeneralException.java
1135,openjpa-lib,ComparableComparator,class,0,132,27,5,openjpa-lib/src/main/java/org/apache/openjpa/lib/util/collections/ComparableComparator.java
1136,openjpa-persistence,CurrentTimeExpression,class,0,60,27,3,openjpa-persistence/src/main/java/org/apache/openjpa/persistence/query/CurrentTimeExpression.java
1137,openjpa-xmlstore,XMLConfiguration,class,0,74,27,3,openjpa-xmlstore/src/main/java/org/apache/openjpa/xmlstore/XMLConfiguration.java
1138,openjpa-jdbc,EmptyExpression,class,0,59,26,4,openjpa-jdbc/src/main/java/org/apache/openjpa/jdbc/kernel/exps/EmptyExpression.java
1139,openjpa-kernel,CallbackOptions,class,0,89,26,6,openjpa-kernel/src/main/java/org/apache/openjpa/conf/CallbackOptions.java
1140,openjpa-kernel,MetaDataDefaults,interface,0,149,26,0,openjpa-kernel/src/main/java/org/apache/openjpa/meta/MetaDataDefaults.java
1141,openjpa-persistence-jdbc,FetchDirection,enum,0,60,26,2,openjpa-persistence-jdbc/src/main/java/org/apache/openjpa/persistence/jdbc/FetchDirection.java
1142,openjpa-persistence-jdbc,JoinSyntax,enum,0,60,26,2,openjpa-persistence-jdbc/src/main/java/org/apache/openjpa/persistence/jdbc/JoinSyntax.java
1143,openjpa-persistence,ConnectionRetainMode,enum,0,61,26,2,openjpa-persistence/src/main/java/org/apache/openjpa/persistence/ConnectionRetainMode.java
1144,openjpa-persistence,DetachStateType,enum,0,61,26,2,openjpa-persistence/src/main/java/org/apache/openjpa/persistence/DetachStateType.java
1145,openjpa-persistence,QueryOperationType,enum,0,60,26,2,openjpa-persistence/src/main/java/org/apache/openjpa/persistence/QueryOperationType.java
1146,openjpa-persistence,RestoreStateType,enum,0,61,26,2,openjpa-persistence/src/main/java/org/apache/openjpa/persistence/RestoreStateType.java
1147,openjpa-slice,DistributedConfiguration,interface,0,180,26,0,openjpa-slice/src/main/java/org/apache/openjpa/slice/DistributedConfiguration.java
1148,openjpa-jdbc,FilterValue,interface,0,126,25,0,openjpa-jdbc/src/main/java/org/apache/openjpa/jdbc/kernel/exps/FilterValue.java
1149,openjpa-jdbc,VersionStrategy,interface,0,95,25,0,openjpa-jdbc/src/main/java/org/apache/openjpa/jdbc/meta/VersionStrategy.java
1150,openjpa-kernel,DynamicStorage,interface,0,141,25,0,openjpa-kernel/src/main/java/org/apache/openjpa/enhance/DynamicStorage.java
1151,openjpa-kernel,XMLMetaData,interface,0,123,25,0,openjpa-kernel/src/main/java/org/apache/openjpa/meta/XMLMetaData.java
1152,openjpa-kernel,MetaDataException,class,0,59,25,5,openjpa-kernel/src/main/java/org/apache/openjpa/util/MetaDataException.java
1153,openjpa-kernel,UnsupportedException,class,0,59,25,5,openjpa-kernel/src/main/java/org/apache/openjpa/util/UnsupportedException.java
1154,openjpa-persistence,BinaryConditionalOperator,enum,0,57,25,1,openjpa-persistence/src/main/java/org/apache/openjpa/persistence/query/BinaryConditionalOperator.java
1155,openjpa-persistence,WhenClause,class,0,56,25,1,openjpa-persistence/src/main/java/org/apache/openjpa/persistence/query/WhenClause.java
1156,openjpa-jdbc,DriverDataSource,interface,0,114,24,0,openjpa-jdbc/src/main/java/org/apache/openjpa/jdbc/schema/DriverDataSource.java
1157,openjpa-kernel,WhenCondition,class,0,53,24,3,openjpa-kernel/src/main/java/org/apache/openjpa/kernel/exps/WhenCondition.java
1158,openjpa-kernel,WhenScalar,class,0,53,24,3,openjpa-kernel/src/main/java/org/apache/openjpa/kernel/exps/WhenScalar.java
1159,openjpa-kernel,WrappedException,class,0,58,24,6,openjpa-kernel/src/main/java/org/apache/openjpa/util/WrappedException.java
1160,openjpa-lib,BootstrapException,class,0,57,24,6,openjpa-lib/src/main/java/org/apache/openjpa/lib/conf/BootstrapException.java
1161,openjpa-lib,AbstractSetDecorator,class,0,75,24,5,openjpa-lib/src/main/java/org/apache/openjpa/lib/util/collections/AbstractSetDecorator.java
1162,openjpa-persistence,BundleDelegatingClassLoader,class,0,58,24,4,openjpa-persistence/src/main/java/org/apache/openjpa/persistence/osgi/BundleDelegatingClassLoader.java
1163,openjpa-jdbc,JDBCStore,interface,0,108,23,0,openjpa-jdbc/src/main/java/org/apache/openjpa/jdbc/kernel/JDBCStore.java
1164,openjpa-jdbc,Sign,class,0,58,23,4,openjpa-jdbc/src/main/java/org/apache/openjpa/jdbc/kernel/exps/Sign.java
1165,openjpa-jdbc,ReverseCustomizer,interface,0,164,23,0,openjpa-jdbc/src/main/java/org/apache/openjpa/jdbc/meta/ReverseCustomizer.java
1166,openjpa-jdbc,ValueHandler,interface,0,105,23,0,openjpa-jdbc/src/main/java/org/apache/openjpa/jdbc/meta/ValueHandler.java
1167,openjpa-kernel,NoOpCacheMarshaller,class,0,54,23,5,openjpa-kernel/src/main/java/org/apache/openjpa/conf/NoOpCacheMarshaller.java
1168,openjpa-persistence,AutoClearType,enum,0,57,23,2,openjpa-persistence/src/main/java/org/apache/openjpa/persistence/AutoClearType.java
1169,openjpa-persistence,LikeExpression,class,0,55,23,3,openjpa-persistence/src/main/java/org/apache/openjpa/persistence/query/LikeExpression.java
1170,openjpa-persistence,OrderableItem,class,0,54,23,2,openjpa-persistence/src/main/java/org/apache/openjpa/persistence/query/OrderableItem.java
1171,openjpa-jdbc,Joinable,interface,0,92,22,0,openjpa-jdbc/src/main/java/org/apache/openjpa/jdbc/meta/Joinable.java
1172,openjpa-jdbc,ObjectIdClassStrategy,class,0,52,22,1,openjpa-jdbc/src/main/java/org/apache/openjpa/jdbc/meta/strats/ObjectIdClassStrategy.java
1173,openjpa-jdbc,Joins,interface,0,105,22,0,openjpa-jdbc/src/main/java/org/apache/openjpa/jdbc/sql/Joins.java
1174,openjpa-kernel,InMemorySavepointManager,class,0,68,22,4,openjpa-kernel/src/main/java/org/apache/openjpa/kernel/InMemorySavepointManager.java
1175,openjpa-kernel,NoneLockManager,class,0,53,22,4,openjpa-kernel/src/main/java/org/apache/openjpa/kernel/NoneLockManager.java
1176,openjpa-kernel,DateTimeExtractField,enum,0,76,22,3,openjpa-kernel/src/main/java/org/apache/openjpa/kernel/exps/DateTimeExtractField.java
1177,openjpa-lib,AbstractListIterator,class,0,53,22,3,openjpa-lib/src/main/java/org/apache/openjpa/lib/rop/AbstractListIterator.java
1178,openjpa-lib,AbstractSerializableListDecorator,class,0,72,22,3,openjpa-lib/src/main/java/org/apache/openjpa/lib/util/collections/AbstractSerializableListDecorator.java
1179,openjpa-lib,AbstractSerializableSetDecorator,class,0,73,22,3,openjpa-lib/src/main/java/org/apache/openjpa/lib/util/collections/AbstractSerializableSetDecorator.java
1180,openjpa-persistence,OpenJPACriteriaBuilder,interface,0,117,22,0,openjpa-persistence/src/main/java/org/apache/openjpa/persistence/criteria/OpenJPACriteriaBuilder.java
1181,openjpa-persistence,ElseExpression,class,0,52,22,3,openjpa-persistence/src/main/java/org/apache/openjpa/persistence/query/ElseExpression.java
1182,openjpa-slice,ReentrantSliceLock,class,0,59,22,4,openjpa-slice/src/main/java/org/apache/openjpa/slice/ReentrantSliceLock.java
1183,openjpa-jdbc,FetchModeValue,class,0,53,21,1,openjpa-jdbc/src/main/java/org/apache/openjpa/jdbc/conf/FetchModeValue.java
1184,openjpa-kernel,DataCacheManager,interface,0,123,21,0,openjpa-kernel/src/main/java/org/apache/openjpa/datacache/DataCacheManager.java
1185,openjpa-kernel,PCData,interface,0,113,21,0,openjpa-kernel/src/main/java/org/apache/openjpa/kernel/PCData.java
1186,openjpa-kernel,RedefinedAttribute,class,0,47,21,3,openjpa-kernel/src/main/java/org/apache/openjpa/util/asm/RedefinedAttribute.java
1187,openjpa-lib,ParseException,class,0,56,21,6,openjpa-lib/src/main/java/org/apache/openjpa/lib/util/ParseException.java
1188,openjpa-persistence,PathOperator,enum,0,50,21,1,openjpa-persistence/src/main/java/org/apache/openjpa/persistence/query/PathOperator.java
1189,openjpa-jdbc,DBIdentifierRule,class,0,57,20,2,openjpa-jdbc/src/main/java/org/apache/openjpa/jdbc/identifier/DBIdentifierRule.java
1190,openjpa-jdbc,Exponential,class,0,53,20,4,openjpa-jdbc/src/main/java/org/apache/openjpa/jdbc/kernel/exps/Exponential.java
1191,openjpa-jdbc,NaturalLogarithm,class,0,53,20,4,openjpa-jdbc/src/main/java/org/apache/openjpa/jdbc/kernel/exps/NaturalLogarithm.java
1192,openjpa-jdbc,Sqrt,class,0,55,20,4,openjpa-jdbc/src/main/java/org/apache/openjpa/jdbc/kernel/exps/Sqrt.java
1193,openjpa-kernel,QueryCacheInstrument,interface,0,111,20,0,openjpa-kernel/src/main/java/org/apache/openjpa/instrumentation/QueryCacheInstrument.java
1194,openjpa-kernel,ValidationUnavailableException,class,0,45,20,4,openjpa-kernel/src/main/java/org/apache/openjpa/validation/ValidationUnavailableException.java
1195,openjpa-jdbc,DiscriminatorStrategy,interface,0,79,19,0,openjpa-jdbc/src/main/java/org/apache/openjpa/jdbc/meta/DiscriminatorStrategy.java
1196,openjpa-jdbc,Embeddable,interface,0,86,19,0,openjpa-jdbc/src/main/java/org/apache/openjpa/jdbc/meta/Embeddable.java
1197,openjpa-kernel,DefaultCacheDistributionPolicy,class,0,50,19,4,openjpa-kernel/src/main/java/org/apache/openjpa/datacache/DefaultCacheDistributionPolicy.java
1198,openjpa-kernel,ExpirationEvent,class,0,68,19,3,openjpa-kernel/src/main/java/org/apache/openjpa/datacache/ExpirationEvent.java
1199,openjpa-kernel,Value,interface,0,96,19,0,openjpa-kernel/src/main/java/org/apache/openjpa/kernel/exps/Value.java
1200,openjpa-persistence-jdbc,ElementColumn,annotation,0,56,19,0,openjpa-persistence-jdbc/src/main/java/org/apache/openjpa/persistence/jdbc/ElementColumn.java
1201,openjpa-persistence-jdbc,KeyColumn,annotation,0,56,19,0,openjpa-persistence-jdbc/src/main/java/org/apache/openjpa/persistence/jdbc/KeyColumn.java
1202,openjpa-persistence-jdbc,XJoinColumn,annotation,0,57,19,0,openjpa-persistence-jdbc/src/main/java/org/apache/openjpa/persistence/jdbc/XJoinColumn.java
1203,openjpa-persistence,PersistentMap,annotation,0,56,19,0,openjpa-persistence/src/main/java/org/apache/openjpa/persistence/PersistentMap.java
1204,openjpa-jest,JESTCommand,interface,0,137,18,0,openjpa-jest/src/main/java/org/apache/openjpa/persistence/jest/JESTCommand.java
1205,openjpa-kernel,SeqValue,class,0,49,18,1,openjpa-kernel/src/main/java/org/apache/openjpa/conf/SeqValue.java
1206,openjpa-kernel,LockManager,interface,0,119,18,0,openjpa-kernel/src/main/java/org/apache/openjpa/kernel/LockManager.java
1207,openjpa-kernel,Literal,interface,0,57,18,0,openjpa-kernel/src/main/java/org/apache/openjpa/kernel/exps/Literal.java
1208,openjpa-kernel,Null,class,0,49,18,3,openjpa-kernel/src/main/java/org/apache/openjpa/kernel/exps/Null.java
1209,openjpa-kernel,This,class,0,49,18,3,openjpa-kernel/src/main/java/org/apache/openjpa/kernel/exps/This.java
1210,openjpa-kernel,ExceptionInfo,interface,0,87,18,0,openjpa-kernel/src/main/java/org/apache/openjpa/util/ExceptionInfo.java
1211,openjpa-lib,ValidatingErrorHandler,class,0,49,18,3,openjpa-lib/src/main/java/org/apache/openjpa/lib/xml/ValidatingErrorHandler.java
1212,openjpa-persistence-jdbc,ElementJoinColumn,annotation,0,55,18,0,openjpa-persistence-jdbc/src/main/java/org/apache/openjpa/persistence/jdbc/ElementJoinColumn.java
1213,openjpa-persistence-jdbc,KeyJoinColumn,annotation,0,54,18,0,openjpa-persistence-jdbc/src/main/java/org/apache/openjpa/persistence/jdbc/KeyJoinColumn.java
1214,openjpa-persistence-jdbc,VersionColumn,annotation,0,56,18,0,openjpa-persistence-jdbc/src/main/java/org/apache/openjpa/persistence/jdbc/VersionColumn.java
1215,openjpa-persistence-jdbc,XMappingOverride,annotation,0,55,18,0,openjpa-persistence-jdbc/src/main/java/org/apache/openjpa/persistence/jdbc/XMappingOverride.java
1216,openjpa-persistence,BinaryFunctionalOperator,enum,0,50,18,1,openjpa-persistence/src/main/java/org/apache/openjpa/persistence/query/BinaryFunctionalOperator.java
1217,openjpa-persistence,UnaryConditionalOperator,enum,0,51,18,1,openjpa-persistence/src/main/java/org/apache/openjpa/persistence/query/UnaryConditionalOperator.java
1218,openjpa-jdbc,StrategyInstaller,class,0,71,17,2,openjpa-jdbc/src/main/java/org/apache/openjpa/jdbc/meta/StrategyInstaller.java
1219,openjpa-jdbc,HerdDBDictionary,class,0,46,17,1,openjpa-jdbc/src/main/java/org/apache/openjpa/jdbc/sql/HerdDBDictionary.java
1220,openjpa-kernel,PreparedQueryCacheInstrument,interface,0,88,17,0,openjpa-kernel/src/main/java/org/apache/openjpa/instrumentation/PreparedQueryCacheInstrument.java
1221,openjpa-kernel,Extent,interface,0,92,17,0,openjpa-kernel/src/main/java/org/apache/openjpa/kernel/Extent.java
1222,openjpa-kernel,PDeletedFlushedState,class,0,47,17,1,openjpa-kernel/src/main/java/org/apache/openjpa/kernel/PDeletedFlushedState.java
1223,openjpa-kernel,InvalidStateException,class,0,50,17,3,openjpa-kernel/src/main/java/org/apache/openjpa/util/InvalidStateException.java
1224,openjpa-kernel,NoResultException,class,0,51,17,3,openjpa-kernel/src/main/java/org/apache/openjpa/util/NoResultException.java
1225,openjpa-kernel,NonUniqueResultException,class,0,51,17,3,openjpa-kernel/src/main/java/org/apache/openjpa/util/NonUniqueResultException.java
1226,openjpa-lib,Instrument,interface,0,112,17,0,openjpa-lib/src/main/java/org/apache/openjpa/lib/instrumentation/Instrument.java
1227,openjpa-lib,MetaDataParser,interface,0,87,17,0,openjpa-lib/src/main/java/org/apache/openjpa/lib/meta/MetaDataParser.java
1228,openjpa-lib,EmptyIterator,class,0,72,17,3,openjpa-lib/src/main/java/org/apache/openjpa/lib/util/collections/EmptyIterator.java
1229,openjpa-lib,UnmodifiableMapEntry,class,0,74,17,4,openjpa-lib/src/main/java/org/apache/openjpa/lib/util/collections/UnmodifiableMapEntry.java
1230,openjpa-persistence-jdbc,ContainerTable,annotation,0,53,17,0,openjpa-persistence-jdbc/src/main/java/org/apache/openjpa/persistence/jdbc/ContainerTable.java
1231,openjpa-persistence-jdbc,XSecondaryTable,annotation,0,54,17,0,openjpa-persistence-jdbc/src/main/java/org/apache/openjpa/persistence/jdbc/XSecondaryTable.java
1232,openjpa-persistence,Persistent,annotation,0,52,17,0,openjpa-persistence/src/main/java/org/apache/openjpa/persistence/Persistent.java
1233,openjpa-persistence,PersistentCollection,annotation,0,54,17,0,openjpa-persistence/src/main/java/org/apache/openjpa/persistence/PersistentCollection.java
1234,openjpa-persistence,FetchPath,class,0,48,17,1,openjpa-persistence/src/main/java/org/apache/openjpa/persistence/query/FetchPath.java
1235,openjpa-jdbc,PreparedResultObjectProvider,class,0,55,16,2,openjpa-jdbc/src/main/java/org/apache/openjpa/jdbc/kernel/PreparedResultObjectProvider.java
1236,openjpa-jdbc,AutoDriverDataSource,class,0,46,16,1,openjpa-jdbc/src/main/java/org/apache/openjpa/jdbc/schema/AutoDriverDataSource.java
1237,openjpa-jdbc,CacheDictionary,class,0,46,16,1,openjpa-jdbc/src/main/java/org/apache/openjpa/jdbc/sql/CacheDictionary.java
1238,openjpa-junit5,OpenJPASupport,annotation,0,58,16,0,openjpa-junit5/src/main/java/org/apache/openjpa/junit5/OpenJPASupport.java
1239,openjpa-kernel,FinderCache,interface,0,145,16,0,openjpa-kernel/src/main/java/org/apache/openjpa/kernel/FinderCache.java
1240,openjpa-kernel,PNewFlushedDeletedFlushedState,class,0,46,16,1,openjpa-kernel/src/main/java/org/apache/openjpa/kernel/PNewFlushedDeletedFlushedState.java
1241,openjpa-kernel,TLoadedState,class,0,48,16,1,openjpa-kernel/src/main/java/org/apache/openjpa/kernel/TLoadedState.java
1242,openjpa-kernel,AbstractExpressionVisitor,class,0,46,16,4,openjpa-kernel/src/main/java/org/apache/openjpa/kernel/exps/AbstractExpressionVisitor.java
1243,openjpa-kernel,CallbackException,class,0,48,16,3,openjpa-kernel/src/main/java/org/apache/openjpa/util/CallbackException.java
1244,openjpa-kernel,ObjectExistsException,class,0,48,16,3,openjpa-kernel/src/main/java/org/apache/openjpa/util/ObjectExistsException.java
1245,openjpa-lib,IdentifierConfiguration,interface,0,97,16,0,openjpa-lib/src/main/java/org/apache/openjpa/lib/identifier/IdentifierConfiguration.java
1246,openjpa-persistence-jdbc,OrderColumn,annotation,0,51,16,0,openjpa-persistence-jdbc/src/main/java/org/apache/openjpa/persistence/jdbc/OrderColumn.java
1247,openjpa-persistence,ParameterExpression,class,0,45,16,3,openjpa-persistence/src/main/java/org/apache/openjpa/persistence/query/ParameterExpression.java
1248,openjpa-jdbc,NanoPrecisionTimestampVersionStrategy,class,0,46,15,2,openjpa-jdbc/src/main/java/org/apache/openjpa/jdbc/meta/strats/NanoPrecisionTimestampVersionStrategy.java
1249,openjpa-jest,JPAServletContext,interface,0,80,15,0,openjpa-jest/src/main/java/org/apache/openjpa/persistence/jest/JPAServletContext.java
1250,openjpa-kernel,CacheMarshaller,interface,0,94,15,0,openjpa-kernel/src/main/java/org/apache/openjpa/conf/CacheMarshaller.java
1251,openjpa-kernel,TypesChangedEvent,class,0,55,15,2,openjpa-kernel/src/main/java/org/apache/openjpa/datacache/TypesChangedEvent.java
1252,openjpa-kernel,ExceptionOrphanedKeyAction,class,0,44,15,1,openjpa-kernel/src/main/java/org/apache/openjpa/event/ExceptionOrphanedKeyAction.java
1253,openjpa-kernel,Seq,interface,0,74,15,0,openjpa-kernel/src/main/java/org/apache/openjpa/kernel/Seq.java
1254,openjpa-kernel,TransientState,class,0,46,15,1,openjpa-kernel/src/main/java/org/apache/openjpa/kernel/TransientState.java
1255,openjpa-kernel,Path,interface,0,81,15,0,openjpa-kernel/src/main/java/org/apache/openjpa/kernel/exps/Path.java
1256,openjpa-kernel,AbstractValidator,class,0,42,15,1,openjpa-kernel/src/main/java/org/apache/openjpa/validation/AbstractValidator.java
1257,openjpa-lib,MetaDataSerializer,interface,0,74,15,0,openjpa-lib/src/main/java/org/apache/openjpa/lib/meta/MetaDataSerializer.java
1258,openjpa-lib,AbstractEmptyMapIterator,class,0,48,15,4,openjpa-lib/src/main/java/org/apache/openjpa/lib/util/collections/AbstractEmptyMapIterator.java
1259,openjpa-persistence-jdbc,ElementEmbeddedMapping,annotation,0,48,15,0,openjpa-persistence-jdbc/src/main/java/org/apache/openjpa/persistence/jdbc/ElementEmbeddedMapping.java
1260,openjpa-persistence-jdbc,EmbeddedMapping,annotation,0,48,15,0,openjpa-persistence-jdbc/src/main/java/org/apache/openjpa/persistence/jdbc/EmbeddedMapping.java
1261,openjpa-persistence-jdbc,Index,annotation,0,49,15,0,openjpa-persistence-jdbc/src/main/java/org/apache/openjpa/persistence/jdbc/Index.java
1262,openjpa-persistence-jdbc,KeyEmbeddedMapping,annotation,0,47,15,0,openjpa-persistence-jdbc/src/main/java/org/apache/openjpa/persistence/jdbc/KeyEmbeddedMapping.java
1263,openjpa-persistence-jdbc,MappingOverride,annotation,0,50,15,0,openjpa-persistence-jdbc/src/main/java/org/apache/openjpa/persistence/jdbc/MappingOverride.java
1264,openjpa-persistence-jdbc,XEmbeddedMapping,annotation,0,47,15,0,openjpa-persistence-jdbc/src/main/java/org/apache/openjpa/persistence/jdbc/XEmbeddedMapping.java
1265,openjpa-persistence-jdbc,XTable,annotation,0,50,15,0,openjpa-persistence-jdbc/src/main/java/org/apache/openjpa/persistence/jdbc/XTable.java
1266,openjpa-slice,SliceStoreManager,class,0,51,15,3,openjpa-slice/src/main/java/org/apache/openjpa/slice/jdbc/SliceStoreManager.java
1267,openjpa-jdbc,RowManager,interface,0,75,14,0,openjpa-jdbc/src/main/java/org/apache/openjpa/jdbc/sql/RowManager.java
1268,openjpa-kernel,InstrumentationManager,interface,0,72,14,0,openjpa-kernel/src/main/java/org/apache/openjpa/instrumentation/InstrumentationManager.java
1269,openjpa-kernel,ExpressionParser,interface,0,64,14,0,openjpa-kernel/src/main/java/org/apache/openjpa/kernel/exps/ExpressionParser.java
1270,openjpa-kernel,DelayedProxy,interface,0,83,14,0,openjpa-kernel/src/main/java/org/apache/openjpa/util/proxy/DelayedProxy.java
1271,openjpa-persistence-jdbc,DataStoreIdColumn,annotation,0,48,14,0,openjpa-persistence-jdbc/src/main/java/org/apache/openjpa/persistence/jdbc/DataStoreIdColumn.java
1272,openjpa-persistence-jdbc,Unique,annotation,0,47,14,0,openjpa-persistence-jdbc/src/main/java/org/apache/openjpa/persistence/jdbc/Unique.java
1273,openjpa-persistence,Extent,interface,0,79,14,0,openjpa-persistence/src/main/java/org/apache/openjpa/persistence/Extent.java
1274,openjpa-persistence,PersistenceStrategy,enum,0,46,14,0,openjpa-persistence/src/main/java/org/apache/openjpa/persistence/PersistenceStrategy.java
1275,openjpa-persistence,MetadataProcessor,interface,0,89,14,0,openjpa-persistence/src/main/java/org/apache/openjpa/persistence/meta/MetadataProcessor.java
1276,openjpa-jdbc,Exp,interface,0,60,13,0,openjpa-jdbc/src/main/java/org/apache/openjpa/jdbc/kernel/exps/Exp.java
1277,openjpa-jdbc,SchemaSerializer,interface,0,81,13,0,openjpa-jdbc/src/main/java/org/apache/openjpa/jdbc/schema/SchemaSerializer.java
1278,openjpa-kernel,FieldConsumer,interface,0,76,13,0,openjpa-kernel/src/main/java/org/apache/openjpa/enhance/FieldConsumer.java
1279,openjpa-kernel,FieldSupplier,interface,0,76,13,0,openjpa-kernel/src/main/java/org/apache/openjpa/enhance/FieldSupplier.java
1280,openjpa-kernel,PreparedQuery,interface,0,113,13,0,openjpa-kernel/src/main/java/org/apache/openjpa/kernel/PreparedQuery.java
1281,openjpa-kernel,NoTransactionException,class,0,45,13,2,openjpa-kernel/src/main/java/org/apache/openjpa/util/NoTransactionException.java
1282,openjpa-lib,SourceTracker,interface,0,68,13,0,openjpa-lib/src/main/java/org/apache/openjpa/lib/meta/SourceTracker.java
1283,openjpa-lib,DefaultMapEntry,class,0,62,13,3,openjpa-lib/src/main/java/org/apache/openjpa/lib/util/collections/DefaultMapEntry.java
1284,openjpa-lib,MapIterator,interface,0,115,13,0,openjpa-lib/src/main/java/org/apache/openjpa/lib/util/collections/MapIterator.java
1285,openjpa-persistence-jdbc,ElementIndex,annotation,0,45,13,0,openjpa-persistence-jdbc/src/main/java/org/apache/openjpa/persistence/jdbc/ElementIndex.java
1286,openjpa-persistence-jdbc,KeyIndex,annotation,0,44,13,0,openjpa-persistence-jdbc/src/main/java/org/apache/openjpa/persistence/jdbc/KeyIndex.java
1287,openjpa-persistence,FetchGroup,annotation,0,58,13,0,openjpa-persistence/src/main/java/org/apache/openjpa/persistence/FetchGroup.java
1288,openjpa-persistence,OpenJPAEntityManagerFactorySPI,interface,0,72,13,0,openjpa-persistence/src/main/java/org/apache/openjpa/persistence/OpenJPAEntityManagerFactorySPI.java
1289,openjpa-junit5,OpenJPAExtension,class,0,34,12,1,openjpa-junit5/src/main/java/org/apache/openjpa/junit5/internal/OpenJPAExtension.java
1290,openjpa-kernel,ChangeTracker,interface,0,90,12,0,openjpa-kernel/src/main/java/org/apache/openjpa/util/ChangeTracker.java
1291,openjpa-kernel,ValidationException,class,0,35,12,2,openjpa-kernel/src/main/java/org/apache/openjpa/validation/ValidationException.java
1292,openjpa-lib,MetaDataIterator,interface,0,61,12,0,openjpa-lib/src/main/java/org/apache/openjpa/lib/meta/MetaDataIterator.java
1293,openjpa-lib,SuffixMetaDataFilter,class,0,43,12,2,openjpa-lib/src/main/java/org/apache/openjpa/lib/meta/SuffixMetaDataFilter.java
1294,openjpa-lib,SoftRandomAccessResultList,class,0,42,12,2,openjpa-lib/src/main/java/org/apache/openjpa/lib/rop/SoftRandomAccessResultList.java
1295,openjpa-lib,Reflectable,annotation,0,44,12,0,openjpa-lib/src/main/java/org/apache/openjpa/lib/util/Reflectable.java
1296,openjpa-lib,EmptyMapIterator,class,0,54,12,2,openjpa-lib/src/main/java/org/apache/openjpa/lib/util/collections/EmptyMapIterator.java
1297,openjpa-lib,EmptyOrderedIterator,class,0,52,12,2,openjpa-lib/src/main/java/org/apache/openjpa/lib/util/collections/EmptyOrderedIterator.java
1298,openjpa-lib,EmptyOrderedMapIterator,class,0,54,12,2,openjpa-lib/src/main/java/org/apache/openjpa/lib/util/collections/EmptyOrderedMapIterator.java
1299,openjpa-persistence-jdbc,Columns,annotation,0,43,12,0,openjpa-persistence-jdbc/src/main/java/org/apache/openjpa/persistence/jdbc/Columns.java
1300,openjpa-persistence-jdbc,Strategy,annotation,0,42,12,0,openjpa-persistence-jdbc/src/main/java/org/apache/openjpa/persistence/jdbc/Strategy.java
1301,openjpa-persistence,DataCache,annotation,0,44,12,0,openjpa-persistence/src/main/java/org/apache/openjpa/persistence/DataCache.java
1302,openjpa-persistence,DataStoreId,annotation,0,44,12,0,openjpa-persistence/src/main/java/org/apache/openjpa/persistence/DataStoreId.java
1303,openjpa-persistence,DetachedState,annotation,0,43,12,0,openjpa-persistence/src/main/java/org/apache/openjpa/persistence/DetachedState.java
1304,openjpa-persistence,Generator,interface,0,63,12,0,openjpa-persistence/src/main/java/org/apache/openjpa/persistence/Generator.java
1305,openjpa-persistence,AliasContext,interface,0,75,12,0,openjpa-persistence/src/main/java/org/apache/openjpa/persistence/criteria/AliasContext.java
1306,openjpa-persistence,InExpression,class,0,41,12,2,openjpa-persistence/src/main/java/org/apache/openjpa/persistence/query/InExpression.java
1307,openjpa-persistence,IsEmptyExpression,class,0,35,12,2,openjpa-persistence/src/main/java/org/apache/openjpa/persistence/query/IsEmptyExpression.java
1308,openjpa-persistence,IsNullExpression,class,0,41,12,2,openjpa-persistence/src/main/java/org/apache/openjpa/persistence/query/IsNullExpression.java
1309,openjpa-persistence,PathExpression,interface,0,118,12,0,openjpa-persistence/src/main/java/org/apache/openjpa/persistence/query/PathExpression.java
1310,openjpa-persistence,RangeExpression,class,0,41,12,2,openjpa-persistence/src/main/java/org/apache/openjpa/persistence/query/RangeExpression.java
1311,openjpa-jdbc,ExpState,class,0,44,11,2,openjpa-jdbc/src/main/java/org/apache/openjpa/jdbc/kernel/exps/ExpState.java
1312,openjpa-jdbc,SQLExpression,class,0,45,11,1,openjpa-jdbc/src/main/java/org/apache/openjpa/jdbc/kernel/exps/SQLExpression.java
1313,openjpa-jdbc,SQLValue,class,0,43,11,1,openjpa-jdbc/src/main/java/org/apache/openjpa/jdbc/kernel/exps/SQLValue.java
1314,openjpa-jdbc,JDBCOrder,interface,0,51,11,0,openjpa-jdbc/src/main/java/org/apache/openjpa/jdbc/meta/JDBCOrder.java
1315,openjpa-jdbc,Raw,class,0,40,11,2,openjpa-jdbc/src/main/java/org/apache/openjpa/jdbc/sql/Raw.java
1316,openjpa-kernel,Auditor,interface,0,58,11,0,openjpa-kernel/src/main/java/org/apache/openjpa/audit/Auditor.java
1317,openjpa-kernel,NoneOrphanedKeyAction,class,0,39,11,1,openjpa-kernel/src/main/java/org/apache/openjpa/event/NoneOrphanedKeyAction.java
1318,openjpa-kernel,ProxyMap,interface,0,50,11,0,openjpa-kernel/src/main/java/org/apache/openjpa/util/proxy/ProxyMap.java
1319,openjpa-lib,ResultList,interface,0,68,11,0,openjpa-lib/src/main/java/org/apache/openjpa/lib/rop/ResultList.java
1320,openjpa-lib,AbstractIteratorDecorator,class,0,48,11,2,openjpa-lib/src/main/java/org/apache/openjpa/lib/util/collections/AbstractIteratorDecorator.java
1321,openjpa-lib,BidiMap,interface,0,156,11,0,openjpa-lib/src/main/java/org/apache/openjpa/lib/util/collections/BidiMap.java
1322,openjpa-persistence-jdbc,ClassCriteria,annotation,0,42,11,0,openjpa-persistence-jdbc/src/main/java/org/apache/openjpa/persistence/jdbc/ClassCriteria.java
1323,openjpa-persistence-jdbc,ElementClassCriteria,annotation,0,42,11,0,openjpa-persistence-jdbc/src/main/java/org/apache/openjpa/persistence/jdbc/ElementClassCriteria.java
1324,openjpa-persistence-jdbc,ElementColumns,annotation,0,41,11,0,openjpa-persistence-jdbc/src/main/java/org/apache/openjpa/persistence/jdbc/ElementColumns.java
1325,openjpa-persistence-jdbc,ElementJoinColumns,annotation,0,42,11,0,openjpa-persistence-jdbc/src/main/java/org/apache/openjpa/persistence/jdbc/ElementJoinColumns.java
1326,openjpa-persistence-jdbc,ElementStrategy,annotation,0,40,11,0,openjpa-persistence-jdbc/src/main/java/org/apache/openjpa/persistence/jdbc/ElementStrategy.java
1327,openjpa-persistence-jdbc,KeyClassCriteria,annotation,0,41,11,0,openjpa-persistence-jdbc/src/main/java/org/apache/openjpa/persistence/jdbc/KeyClassCriteria.java
1328,openjpa-persistence-jdbc,KeyColumns,annotation,0,41,11,0,openjpa-persistence-jdbc/src/main/java/org/apache/openjpa/persistence/jdbc/KeyColumns.java
1329,openjpa-persistence-jdbc,KeyJoinColumns,annotation,0,41,11,0,openjpa-persistence-jdbc/src/main/java/org/apache/openjpa/persistence/jdbc/KeyJoinColumns.java
1330,openjpa-persistence-jdbc,KeyStrategy,annotation,0,40,11,0,openjpa-persistence-jdbc/src/main/java/org/apache/openjpa/persistence/jdbc/KeyStrategy.java
1331,openjpa-persistence-jdbc,XJoinColumns,annotation,0,41,11,0,openjpa-persistence-jdbc/src/main/java/org/apache/openjpa/persistence/jdbc/XJoinColumns.java
1332,openjpa-persistence,Dependent,annotation,0,41,11,0,openjpa-persistence/src/main/java/org/apache/openjpa/persistence/Dependent.java
1333,openjpa-persistence,ElementDependent,annotation,0,41,11,0,openjpa-persistence/src/main/java/org/apache/openjpa/persistence/ElementDependent.java
1334,openjpa-persistence,ElementType,annotation,0,42,11,0,openjpa-persistence/src/main/java/org/apache/openjpa/persistence/ElementType.java
1335,openjpa-persistence,ExternalValues,annotation,0,43,11,0,openjpa-persistence/src/main/java/org/apache/openjpa/persistence/ExternalValues.java
1336,openjpa-persistence,Externalizer,annotation,0,42,11,0,openjpa-persistence/src/main/java/org/apache/openjpa/persistence/Externalizer.java
1337,openjpa-persistence,Factory,annotation,0,42,11,0,openjpa-persistence/src/main/java/org/apache/openjpa/persistence/Factory.java
1338,openjpa-persistence,InverseLogical,annotation,0,41,11,0,openjpa-persistence/src/main/java/org/apache/openjpa/persistence/InverseLogical.java
1339,openjpa-persistence,KeyDependent,annotation,0,41,11,0,openjpa-persistence/src/main/java/org/apache/openjpa/persistence/KeyDependent.java
1340,openjpa-persistence,KeyType,annotation,0,42,11,0,openjpa-persistence/src/main/java/org/apache/openjpa/persistence/KeyType.java
1341,openjpa-persistence,LRS,annotation,0,41,11,0,openjpa-persistence/src/main/java/org/apache/openjpa/persistence/LRS.java
1342,openjpa-persistence,LoadFetchGroup,annotation,0,41,11,0,openjpa-persistence/src/main/java/org/apache/openjpa/persistence/LoadFetchGroup.java
1343,openjpa-persistence,QueryResultCache,interface,0,65,11,0,openjpa-persistence/src/main/java/org/apache/openjpa/persistence/QueryResultCache.java
1344,openjpa-persistence,Type,annotation,0,42,11,0,openjpa-persistence/src/main/java/org/apache/openjpa/persistence/Type.java
1345,openjpa-persistence,DomainObject,interface,0,128,11,0,openjpa-persistence/src/main/java/org/apache/openjpa/persistence/query/DomainObject.java
1346,openjpa-jdbc,JDBCLockManager,interface,0,55,10,0,openjpa-jdbc/src/main/java/org/apache/openjpa/jdbc/kernel/JDBCLockManager.java
1347,openjpa-jdbc,SchemaParser,interface,0,65,10,0,openjpa-jdbc/src/main/java/org/apache/openjpa/jdbc/schema/SchemaParser.java
1348,openjpa-kernel,JMXInstrument,interface,0,63,10,0,openjpa-kernel/src/main/java/org/apache/openjpa/instrumentation/jmx/JMXInstrument.java
1349,openjpa-kernel,Order,interface,0,53,10,0,openjpa-kernel/src/main/java/org/apache/openjpa/meta/Order.java
1350,openjpa-kernel,ProxyCollection,interface,0,45,10,0,openjpa-kernel/src/main/java/org/apache/openjpa/util/proxy/ProxyCollection.java
1351,openjpa-lib,BatchedResultObjectProvider,interface,0,66,10,0,openjpa-lib/src/main/java/org/apache/openjpa/lib/rop/BatchedResultObjectProvider.java
1352,openjpa-lib,EventManager,interface,0,60,10,0,openjpa-lib/src/main/java/org/apache/openjpa/lib/util/EventManager.java
1353,openjpa-persistence-jdbc,DiscriminatorStrategy,annotation,0,40,10,0,openjpa-persistence-jdbc/src/main/java/org/apache/openjpa/persistence/jdbc/DiscriminatorStrategy.java
1354,openjpa-persistence-jdbc,MappingOverrides,annotation,0,40,10,0,openjpa-persistence-jdbc/src/main/java/org/apache/openjpa/persistence/jdbc/MappingOverrides.java
1355,openjpa-persistence-jdbc,VersionColumns,annotation,0,40,10,0,openjpa-persistence-jdbc/src/main/java/org/apache/openjpa/persistence/jdbc/VersionColumns.java
1356,openjpa-persistence-jdbc,VersionStrategy,annotation,0,40,10,0,openjpa-persistence-jdbc/src/main/java/org/apache/openjpa/persistence/jdbc/VersionStrategy.java
1357,openjpa-persistence-jdbc,XMappingOverrides,annotation,0,39,10,0,openjpa-persistence-jdbc/src/main/java/org/apache/openjpa/persistence/jdbc/XMappingOverrides.java
1358,openjpa-persistence-jdbc,XSecondaryTables,annotation,0,40,10,0,openjpa-persistence-jdbc/src/main/java/org/apache/openjpa/persistence/jdbc/XSecondaryTables.java
1359,openjpa-persistence,FetchAttribute,annotation,0,47,10,0,openjpa-persistence/src/main/java/org/apache/openjpa/persistence/FetchAttribute.java
1360,openjpa-persistence,FetchGroups,annotation,0,40,10,0,openjpa-persistence/src/main/java/org/apache/openjpa/persistence/FetchGroups.java
1361,openjpa-persistence,EqualExpression,class,0,39,10,1,openjpa-persistence/src/main/java/org/apache/openjpa/persistence/query/EqualExpression.java
1362,openjpa-persistence,GreaterEqualExpression,class,0,39,10,1,openjpa-persistence/src/main/java/org/apache/openjpa/persistence/query/GreaterEqualExpression.java
1363,openjpa-persistence,OrderBy,annotation,0,36,10,0,openjpa-persistence/src/main/java/org/apache/openjpa/persistence/query/OrderBy.java
1364,openjpa-jdbc,ColumnDefIdentifierRule,class,0,40,9,1,openjpa-jdbc/src/main/java/org/apache/openjpa/jdbc/identifier/ColumnDefIdentifierRule.java
1365,openjpa-jdbc,ConnectionInfo,class,0,36,9,0,openjpa-jdbc/src/main/java/org/apache/openjpa/jdbc/kernel/ConnectionInfo.java
1366,openjpa-jdbc,BooleanRepresentation,interface,0,98,9,0,openjpa-jdbc/src/main/java/org/apache/openjpa/jdbc/sql/BooleanRepresentation.java
1367,openjpa-jdbc,Sized,class,0,37,9,1,openjpa-jdbc/src/main/java/org/apache/openjpa/jdbc/sql/Sized.java
1368,openjpa-kernel,EndTransactionListener,interface,0,74,9,0,openjpa-kernel/src/main/java/org/apache/openjpa/event/EndTransactionListener.java
1369,openjpa-kernel,Subquery,interface,0,52,9,0,openjpa-kernel/src/main/java/org/apache/openjpa/kernel/exps/Subquery.java
1370,openjpa-kernel,MapChangeTracker,interface,0,63,9,0,openjpa-kernel/src/main/java/org/apache/openjpa/util/MapChangeTracker.java
1371,openjpa-kernel,Proxy,interface,0,62,9,0,openjpa-kernel/src/main/java/org/apache/openjpa/util/Proxy.java
1372,openjpa-kernel,Validator,interface,0,76,9,0,openjpa-kernel/src/main/java/org/apache/openjpa/validation/Validator.java
1373,openjpa-lib,OrderedMap,interface,0,74,9,0,openjpa-lib/src/main/java/org/apache/openjpa/lib/util/collections/OrderedMap.java
1374,openjpa-persistence,ManagedInterface,annotation,0,43,9,0,openjpa-persistence/src/main/java/org/apache/openjpa/persistence/ManagedInterface.java
1375,openjpa-persistence,OpenJPAEntityTransaction,interface,0,72,9,0,openjpa-persistence/src/main/java/org/apache/openjpa/persistence/OpenJPAEntityTransaction.java
1376,openjpa-persistence,OpenJPAQuerySPI,interface,0,46,9,0,openjpa-persistence/src/main/java/org/apache/openjpa/persistence/OpenJPAQuerySPI.java
1377,openjpa-persistence,AndPredicate,class,0,38,9,1,openjpa-persistence/src/main/java/org/apache/openjpa/persistence/query/AndPredicate.java
1378,openjpa-persistence,OrPredicate,class,0,39,9,1,openjpa-persistence/src/main/java/org/apache/openjpa/persistence/query/OrPredicate.java
1379,openjpa-jdbc,ColumnIdentifierRule,class,0,36,8,1,openjpa-jdbc/src/main/java/org/apache/openjpa/jdbc/identifier/ColumnIdentifierRule.java
1380,openjpa-jdbc,PreparedStatementManager,interface,0,48,8,0,openjpa-jdbc/src/main/java/org/apache/openjpa/jdbc/kernel/PreparedStatementManager.java
1381,openjpa-kernel,DataCacheMode,enum,0,61,8,0,openjpa-kernel/src/main/java/org/apache/openjpa/datacache/DataCacheMode.java
1382,openjpa-kernel,RemoteCommitProvider,interface,0,63,8,0,openjpa-kernel/src/main/java/org/apache/openjpa/event/RemoteCommitProvider.java
1383,openjpa-kernel,FinderQuery,interface,0,65,8,0,openjpa-kernel/src/main/java/org/apache/openjpa/kernel/FinderQuery.java
1384,openjpa-kernel,SimpleNode,class,0,37,8,0,openjpa-kernel/src/main/java/org/apache/openjpa/kernel/jpql/SimpleNode.java
1385,openjpa-lib,ConfigurationProvider,interface,0,55,8,0,openjpa-lib/src/main/java/org/apache/openjpa/lib/conf/ConfigurationProvider.java
1386,openjpa-lib,SizedMap,interface,0,51,8,0,openjpa-lib/src/main/java/org/apache/openjpa/lib/util/SizedMap.java
1387,openjpa-lib,SortedBidiMap,interface,0,60,8,0,openjpa-lib/src/main/java/org/apache/openjpa/lib/util/collections/SortedBidiMap.java
1388,openjpa-persistence,BetweenExpression,class,0,36,8,1,openjpa-persistence/src/main/java/org/apache/openjpa/persistence/query/BetweenExpression.java
1389,openjpa-persistence,ExistsExpression,class,0,37,8,1,openjpa-persistence/src/main/java/org/apache/openjpa/persistence/query/ExistsExpression.java
1390,openjpa-persistence,GreaterThanExpression,class,0,37,8,1,openjpa-persistence/src/main/java/org/apache/openjpa/persistence/query/GreaterThanExpression.java
1391,openjpa-persistence,LessEqualExpression,class,0,36,8,1,openjpa-persistence/src/main/java/org/apache/openjpa/persistence/query/LessEqualExpression.java
1392,openjpa-persistence,LessThanExpression,class,0,37,8,1,openjpa-persistence/src/main/java/org/apache/openjpa/persistence/query/LessThanExpression.java
1393,openjpa-persistence,MemberOfExpression,class,0,36,8,1,openjpa-persistence/src/main/java/org/apache/openjpa/persistence/query/MemberOfExpression.java
1394,openjpa-persistence,NotEqualExpression,class,0,37,8,1,openjpa-persistence/src/main/java/org/apache/openjpa/persistence/query/NotEqualExpression.java
1395,openjpa-persistence,Visitable,interface,0,52,8,0,openjpa-persistence/src/main/java/org/apache/openjpa/persistence/query/Visitable.java
1396,openjpa-slice,DistributedBroker,interface,0,44,8,0,openjpa-slice/src/main/java/org/apache/openjpa/slice/DistributedBroker.java
1397,openjpa-slice,DistributedStatement,class,0,36,8,1,openjpa-slice/src/main/java/org/apache/openjpa/slice/jdbc/DistributedStatement.java
1398,openjpa-kernel,AuditableOperation,enum,0,33,7,0,openjpa-kernel/src/main/java/org/apache/openjpa/audit/AuditableOperation.java
1399,openjpa-kernel,CacheStatisticsSPI,interface,0,55,7,0,openjpa-kernel/src/main/java/org/apache/openjpa/datacache/CacheStatisticsSPI.java
1400,openjpa-kernel,DataCachePCData,interface,0,43,7,0,openjpa-kernel/src/main/java/org/apache/openjpa/datacache/DataCachePCData.java
1401,openjpa-kernel,DirtyListener,interface,0,49,7,0,openjpa-kernel/src/main/java/org/apache/openjpa/event/DirtyListener.java
1402,openjpa-kernel,RemoteCommitListener,interface,0,62,7,0,openjpa-kernel/src/main/java/org/apache/openjpa/event/RemoteCommitListener.java
1403,openjpa-kernel,ExpressionVisitor,interface,0,50,7,0,openjpa-kernel/src/main/java/org/apache/openjpa/kernel/exps/ExpressionVisitor.java
1404,openjpa-lib,InstrumentationLevel,enum,0,45,7,0,openjpa-lib/src/main/java/org/apache/openjpa/lib/instrumentation/InstrumentationLevel.java
1405,openjpa-lib,ReferenceMap,interface,0,49,7,0,openjpa-lib/src/main/java/org/apache/openjpa/lib/util/ReferenceMap.java
1406,openjpa-lib,AbstractIterableMap,class,0,36,7,1,openjpa-lib/src/main/java/org/apache/openjpa/lib/util/collections/AbstractIterableMap.java
1407,openjpa-lib,OrderedMapIterator,interface,0,49,7,0,openjpa-lib/src/main/java/org/apache/openjpa/lib/util/collections/OrderedMapIterator.java
1408,openjpa-lib,ConcurrentMap,interface,0,45,7,0,openjpa-lib/src/main/java/org/apache/openjpa/lib/util/concurrent/ConcurrentMap.java
1409,openjpa-persistence-jdbc,ForeignKeyAction,enum,0,34,7,0,openjpa-persistence-jdbc/src/main/java/org/apache/openjpa/persistence/jdbc/ForeignKeyAction.java
1410,openjpa-persistence,CriteriaExpression,interface,0,51,7,0,openjpa-persistence/src/main/java/org/apache/openjpa/persistence/criteria/CriteriaExpression.java
1411,openjpa-persistence,AbsExpression,class,0,35,7,1,openjpa-persistence/src/main/java/org/apache/openjpa/persistence/query/AbsExpression.java
1412,openjpa-persistence,AverageExpression,class,0,35,7,1,openjpa-persistence/src/main/java/org/apache/openjpa/persistence/query/AverageExpression.java
1413,openjpa-persistence,ConcatExpression,class,0,36,7,1,openjpa-persistence/src/main/java/org/apache/openjpa/persistence/query/ConcatExpression.java
1414,openjpa-persistence,CountExpression,class,0,35,7,1,openjpa-persistence/src/main/java/org/apache/openjpa/persistence/query/CountExpression.java
1415,openjpa-persistence,DistinctExpression,class,0,37,7,1,openjpa-persistence/src/main/java/org/apache/openjpa/persistence/query/DistinctExpression.java
1416,openjpa-persistence,DividedByExpression,class,0,35,7,1,openjpa-persistence/src/main/java/org/apache/openjpa/persistence/query/DividedByExpression.java
1417,openjpa-persistence,EntryExpression,class,0,35,7,1,openjpa-persistence/src/main/java/org/apache/openjpa/persistence/query/EntryExpression.java
1418,openjpa-persistence,IndexExpression,class,0,36,7,1,openjpa-persistence/src/main/java/org/apache/openjpa/persistence/query/IndexExpression.java
1419,openjpa-persistence,KeyExpression,class,0,35,7,1,openjpa-persistence/src/main/java/org/apache/openjpa/persistence/query/KeyExpression.java
1420,openjpa-persistence,LengthExpression,class,0,35,7,1,openjpa-persistence/src/main/java/org/apache/openjpa/persistence/query/LengthExpression.java
1421,openjpa-persistence,LiteralExpression,class,0,35,7,1,openjpa-persistence/src/main/java/org/apache/openjpa/persistence/query/LiteralExpression.java
1422,openjpa-persistence,LowerExpression,class,0,35,7,1,openjpa-persistence/src/main/java/org/apache/openjpa/persistence/query/LowerExpression.java
1423,openjpa-persistence,MaxExpression,class,0,35,7,1,openjpa-persistence/src/main/java/org/apache/openjpa/persistence/query/MaxExpression.java
1424,openjpa-persistence,MinExpression,class,0,35,7,1,openjpa-persistence/src/main/java/org/apache/openjpa/persistence/query/MinExpression.java
1425,openjpa-persistence,MinusExpression,class,0,35,7,1,openjpa-persistence/src/main/java/org/apache/openjpa/persistence/query/MinusExpression.java
1426,openjpa-persistence,OpenJPAQueryBuilder,interface,0,46,7,0,openjpa-persistence/src/main/java/org/apache/openjpa/persistence/query/OpenJPAQueryBuilder.java
1427,openjpa-persistence,PlusExpression,class,0,35,7,1,openjpa-persistence/src/main/java/org/apache/openjpa/persistence/query/PlusExpression.java
1428,openjpa-persistence,SizeExpression,class,0,35,7,1,openjpa-persistence/src/main/java/org/apache/openjpa/persistence/query/SizeExpression.java
1429,openjpa-persistence,SquareRootExpression,class,0,35,7,1,openjpa-persistence/src/main/java/org/apache/openjpa/persistence/query/SquareRootExpression.java
1430,openjpa-persistence,SumExpression,class,0,35,7,1,openjpa-persistence/src/main/java/org/apache/openjpa/persistence/query/SumExpression.java
1431,openjpa-persistence,TimesExpression,class,0,35,7,1,openjpa-persistence/src/main/java/org/apache/openjpa/persistence/query/TimesExpression.java
1432,openjpa-persistence,TypeExpression,class,0,35,7,1,openjpa-persistence/src/main/java/org/apache/openjpa/persistence/query/TypeExpression.java
1433,openjpa-persistence,UnaryMinusExpression,class,0,37,7,1,openjpa-persistence/src/main/java/org/apache/openjpa/persistence/query/UnaryMinusExpression.java
1434,openjpa-persistence,UpperExpression,class,0,35,7,1,openjpa-persistence/src/main/java/org/apache/openjpa/persistence/query/UpperExpression.java
1435,openjpa-persistence,ValueExpression,class,0,35,7,1,openjpa-persistence/src/main/java/org/apache/openjpa/persistence/query/ValueExpression.java
1436,openjpa-jdbc,UpdateManager,interface,0,44,6,0,openjpa-jdbc/src/main/java/org/apache/openjpa/jdbc/kernel/UpdateManager.java
1437,openjpa-kernel,DataCacheStoreMode,enum,0,43,6,0,openjpa-kernel/src/main/java/org/apache/openjpa/kernel/DataCacheStoreMode.java
1438,openjpa-kernel,Parameter,interface,0,39,6,0,openjpa-kernel/src/main/java/org/apache/openjpa/kernel/exps/Parameter.java
1439,openjpa-kernel,CollectionChangeTracker,interface,0,42,6,0,openjpa-kernel/src/main/java/org/apache/openjpa/util/CollectionChangeTracker.java
1440,openjpa-lib,Configurable,interface,0,46,6,0,openjpa-lib/src/main/java/org/apache/openjpa/lib/conf/Configurable.java
1441,openjpa-lib,GraphVisitor,interface,0,47,6,0,openjpa-lib/src/main/java/org/apache/openjpa/lib/graph/GraphVisitor.java
1442,openjpa-lib,Identifier,interface,0,30,6,0,openjpa-lib/src/main/java/org/apache/openjpa/lib/identifier/Identifier.java
1443,openjpa-lib,OrderedIterator,interface,0,48,6,0,openjpa-lib/src/main/java/org/apache/openjpa/lib/util/collections/OrderedIterator.java
1444,openjpa-persistence-jdbc,NonpolymorphicType,enum,0,33,6,0,openjpa-persistence-jdbc/src/main/java/org/apache/openjpa/persistence/jdbc/NonpolymorphicType.java
1445,openjpa-persistence,OpenJPAEnum,interface,0,54,6,0,openjpa-persistence/src/main/java/org/apache/openjpa/persistence/OpenJPAEnum.java
1446,openjpa-persistence,OpenJPACriteriaQuery,interface,0,48,6,0,openjpa-persistence/src/main/java/org/apache/openjpa/persistence/criteria/OpenJPACriteriaQuery.java
1447,openjpa-persistence,Predicate,interface,0,54,6,0,openjpa-persistence/src/main/java/org/apache/openjpa/persistence/query/Predicate.java
1448,openjpa-persistence,QueryBuilder,interface,0,58,6,0,openjpa-persistence/src/main/java/org/apache/openjpa/persistence/query/QueryBuilder.java
1449,openjpa-jdbc,SchemaFactory,interface,0,43,5,0,openjpa-jdbc/src/main/java/org/apache/openjpa/jdbc/schema/SchemaFactory.java
1450,openjpa-kernel,AttachListener,interface,0,38,5,0,openjpa-kernel/src/main/java/org/apache/openjpa/event/AttachListener.java
1451,openjpa-kernel,ClearListener,interface,0,39,5,0,openjpa-kernel/src/main/java/org/apache/openjpa/event/ClearListener.java
1452,openjpa-kernel,DeleteListener,interface,0,39,5,0,openjpa-kernel/src/main/java/org/apache/openjpa/event/DeleteListener.java
1453,openjpa-kernel,DetachListener,interface,0,38,5,0,openjpa-kernel/src/main/java/org/apache/openjpa/event/DetachListener.java
1454,openjpa-kernel,FlushTransactionListener,interface,0,44,5,0,openjpa-kernel/src/main/java/org/apache/openjpa/event/FlushTransactionListener.java
1455,openjpa-kernel,LifecycleListener,interface,0,32,5,0,openjpa-kernel/src/main/java/org/apache/openjpa/event/LifecycleListener.java
1456,openjpa-kernel,LoadListener,interface,0,39,5,0,openjpa-kernel/src/main/java/org/apache/openjpa/event/LoadListener.java
1457,openjpa-kernel,PersistListener,interface,0,38,5,0,openjpa-kernel/src/main/java/org/apache/openjpa/event/PersistListener.java
1458,openjpa-kernel,StoreListener,interface,0,39,5,0,openjpa-kernel/src/main/java/org/apache/openjpa/event/StoreListener.java
1459,openjpa-kernel,TransactionListener,interface,0,33,5,0,openjpa-kernel/src/main/java/org/apache/openjpa/event/TransactionListener.java
1460,openjpa-kernel,UpdateListener,interface,0,43,5,0,openjpa-kernel/src/main/java/org/apache/openjpa/event/UpdateListener.java
1461,openjpa-kernel,PreparedQueryCacheJMXInstrumentMBean,interface,0,27,5,0,openjpa-kernel/src/main/java/org/apache/openjpa/instrumentation/jmx/PreparedQueryCacheJMXInstrumentMBean.java
1462,openjpa-kernel,DataCacheRetrieveMode,enum,0,34,5,0,openjpa-kernel/src/main/java/org/apache/openjpa/kernel/DataCacheRetrieveMode.java
1463,openjpa-kernel,FindCallbacks,interface,0,44,5,0,openjpa-kernel/src/main/java/org/apache/openjpa/kernel/FindCallbacks.java
1464,openjpa-kernel,SavepointManager,interface,0,40,5,0,openjpa-kernel/src/main/java/org/apache/openjpa/kernel/SavepointManager.java
1465,openjpa-kernel,DateTimeExtractPart,enum,0,36,5,0,openjpa-kernel/src/main/java/org/apache/openjpa/kernel/exps/DateTimeExtractPart.java
1466,openjpa-lib,EncryptionProvider,interface,0,50,5,0,openjpa-lib/src/main/java/org/apache/openjpa/lib/encryption/EncryptionProvider.java
1467,openjpa-lib,BoundedMap,interface,0,48,5,0,openjpa-lib/src/main/java/org/apache/openjpa/lib/util/collections/BoundedMap.java
1468,openjpa-lib,KeyValue,interface,0,48,5,0,openjpa-lib/src/main/java/org/apache/openjpa/lib/util/collections/KeyValue.java
1469,openjpa-lib,ResettableIterator,interface,0,39,5,0,openjpa-lib/src/main/java/org/apache/openjpa/lib/util/collections/ResettableIterator.java
1470,openjpa-persistence,UpdateAction,enum,0,32,5,0,openjpa-persistence/src/main/java/org/apache/openjpa/persistence/UpdateAction.java
1471,openjpa-persistence,BindableParameter,interface,0,25,5,0,openjpa-persistence/src/main/java/org/apache/openjpa/persistence/criteria/BindableParameter.java
1472,openjpa-persistence,ConditionalOperator,enum,0,32,5,0,openjpa-persistence/src/main/java/org/apache/openjpa/persistence/query/ConditionalOperator.java
1473,openjpa-persistence,SelectItem,interface,0,46,5,0,openjpa-persistence/src/main/java/org/apache/openjpa/persistence/query/SelectItem.java
1474,openjpa-kernel,FieldManager,interface,0,28,4,0,openjpa-kernel/src/main/java/org/apache/openjpa/enhance/FieldManager.java
1475,openjpa-kernel,DataCacheJMXInstrumentMBean,interface,0,32,4,0,openjpa-kernel/src/main/java/org/apache/openjpa/instrumentation/jmx/DataCacheJMXInstrumentMBean.java
1476,openjpa-kernel,QueryCacheJMXInstrumentMBean,interface,0,32,4,0,openjpa-kernel/src/main/java/org/apache/openjpa/instrumentation/jmx/QueryCacheJMXInstrumentMBean.java
1477,openjpa-kernel,LRSProxy,interface,0,31,4,0,openjpa-kernel/src/main/java/org/apache/openjpa/util/LRSProxy.java
1478,openjpa-lib,IterableSortedMap,interface,0,31,4,0,openjpa-lib/src/main/java/org/apache/openjpa/lib/util/collections/IterableSortedMap.java
1479,openjpa-lib,ResettableListIterator,interface,0,33,4,0,openjpa-lib/src/main/java/org/apache/openjpa/lib/util/collections/ResettableListIterator.java
1480,openjpa-persistence,TrimSpec,enum,0,28,4,0,openjpa-persistence/src/main/java/org/apache/openjpa/persistence/query/TrimSpec.java
1481,openjpa-jdbc,MaxDBDictionary,class,0,29,3,0,openjpa-jdbc/src/main/java/org/apache/openjpa/jdbc/sql/MaxDBDictionary.java
1482,openjpa-kernel,DynamicPersistenceCapable,interface,0,29,3,0,openjpa-kernel/src/main/java/org/apache/openjpa/enhance/DynamicPersistenceCapable.java
1483,openjpa-lib,Unmodifiable,interface,0,39,3,0,openjpa-lib/src/main/java/org/apache/openjpa/lib/util/collections/Unmodifiable.java
1484,openjpa-persistence,FetchJoinObject,interface,0,27,3,0,openjpa-persistence/src/main/java/org/apache/openjpa/persistence/query/FetchJoinObject.java
1485,openjpa-persistence,OrderByItem,interface,0,27,3,0,openjpa-persistence/src/main/java/org/apache/openjpa/persistence/query/OrderByItem.java
1486,openjpa-persistence,Subquery,interface,0,27,3,0,openjpa-persistence/src/main/java/org/apache/openjpa/persistence/query/Subquery.java
1487,openjpa-lib,package-info,unknown,0,25,1,0,openjpa-lib/src/main/java/org/apache/openjpa/lib/util/collections/package-info.java
