Path,CodeSmells
openjpa-jdbc/src/main/java/org/apache/openjpa/jdbc/kernel/exps/Abs.java,0
openjpa-kernel/src/main/java/org/apache/openjpa/kernel/exps/Abs.java,0
openjpa-persistence/src/main/java/org/apache/openjpa/persistence/query/AbsExpression.java,0
openjpa-kernel/src/main/java/org/apache/openjpa/kernel/AbstractBrokerFactory.java,23
openjpa-kernel/src/main/java/org/apache/openjpa/meta/AbstractCFMetaDataFactory.java,45
openjpa-kernel/src/main/java/org/apache/openjpa/util/AbstractChangeTracker.java,13
openjpa-jdbc/src/main/java/org/apache/openjpa/jdbc/meta/strats/AbstractClassStrategy.java,0
openjpa-lib/src/main/java/org/apache/openjpa/lib/util/collections/AbstractCollectionDecorator.java,1
openjpa-jest/src/main/java/org/apache/openjpa/persistence/jest/AbstractCommand.java,7
openjpa-lib/src/main/java/org/apache/openjpa/lib/util/concurrent/AbstractConcurrentEventManager.java,5
openjpa-kernel/src/main/java/org/apache/openjpa/datacache/AbstractDataCache.java,14
openjpa-kernel/src/main/java/org/apache/openjpa/instrumentation/AbstractDataCacheInstrument.java,5
openjpa-jdbc/src/main/java/org/apache/openjpa/jdbc/sql/AbstractDB2Dictionary.java,4
openjpa-jdbc/src/main/java/org/apache/openjpa/jdbc/meta/strats/AbstractDiscriminatorStrategy.java,0
openjpa-persistence/src/main/java/org/apache/openjpa/persistence/query/AbstractDomainObject.java,1
openjpa-lib/src/main/java/org/apache/openjpa/lib/util/collections/AbstractDualBidiMap.java,10
openjpa-lib/src/main/java/org/apache/openjpa/lib/util/collections/AbstractEmptyIterator.java,0
openjpa-lib/src/main/java/org/apache/openjpa/lib/util/collections/AbstractEmptyMapIterator.java,1
openjpa-kernel/src/main/java/org/apache/openjpa/kernel/exps/AbstractExpressionBuilder.java,16
openjpa-kernel/src/main/java/org/apache/openjpa/kernel/exps/AbstractExpressionVisitor.java,0
openjpa-kernel/src/main/java/org/apache/openjpa/kernel/AbstractFieldManager.java,0
openjpa-jdbc/src/main/java/org/apache/openjpa/jdbc/meta/strats/AbstractFieldStrategy.java,1
openjpa-lib/src/main/java/org/apache/openjpa/lib/util/collections/AbstractHashedMap.java,22
openjpa-lib/src/main/java/org/apache/openjpa/lib/instrumentation/AbstractInstrument.java,6
openjpa-lib/src/main/java/org/apache/openjpa/lib/instrumentation/AbstractInstrumentationProvider.java,8
openjpa-lib/src/main/java/org/apache/openjpa/lib/util/collections/AbstractIterableMap.java,0
openjpa-lib/src/main/java/org/apache/openjpa/lib/util/collections/AbstractIteratorDecorator.java,0
openjpa-lib/src/main/java/org/apache/openjpa/lib/jdbc/AbstractJDBCListener.java,1
openjpa-jdbc/src/main/java/org/apache/openjpa/jdbc/kernel/AbstractJDBCSavepointManager.java,3
openjpa-jdbc/src/main/java/org/apache/openjpa/jdbc/kernel/AbstractJDBCSeq.java,7
openjpa-lib/src/main/java/org/apache/openjpa/lib/util/collections/AbstractKeyValue.java,0
openjpa-kernel/src/main/java/org/apache/openjpa/event/AbstractLifecycleListener.java,0
openjpa-lib/src/main/java/org/apache/openjpa/lib/util/collections/AbstractLinkedMap.java,4
openjpa-lib/src/main/java/org/apache/openjpa/lib/util/collections/AbstractListDecorator.java,0
openjpa-lib/src/main/java/org/apache/openjpa/lib/rop/AbstractListIterator.java,1
openjpa-kernel/src/main/java/org/apache/openjpa/kernel/AbstractLockManager.java,0
openjpa-lib/src/main/java/org/apache/openjpa/lib/log/AbstractLog.java,0
openjpa-kernel/src/main/java/org/apache/openjpa/util/AbstractLRSProxyCollection.java,16
openjpa-kernel/src/main/java/org/apache/openjpa/util/AbstractLRSProxyMap.java,20
openjpa-kernel/src/main/java/org/apache/openjpa/ee/AbstractManagedRuntime.java,1
openjpa-persistence/src/main/java/org/apache/openjpa/persistence/meta/AbstractManagedType.java,23
openjpa-lib/src/main/java/org/apache/openjpa/lib/util/collections/AbstractMapDecorator.java,1
openjpa-lib/src/main/java/org/apache/openjpa/lib/util/collections/AbstractMapEntry.java,0
openjpa-lib/src/main/java/org/apache/openjpa/lib/util/collections/AbstractMapEntryDecorator.java,1
openjpa-kernel/src/main/java/org/apache/openjpa/meta/AbstractMetaDataDefaults.java,15
openjpa-kernel/src/main/java/org/apache/openjpa/meta/AbstractMetaDataFactory.java,1
openjpa-lib/src/main/java/org/apache/openjpa/lib/rop/AbstractNonSequentialResultList.java,2
openjpa-lib/src/main/java/org/apache/openjpa/lib/util/collections/AbstractOrderedMapDecorator.java,1
openjpa-persistence/src/main/java/org/apache/openjpa/persistence/query/AbstractPath.java,6
openjpa-kernel/src/main/java/org/apache/openjpa/kernel/AbstractPCData.java,17
openjpa-kernel/src/main/java/org/apache/openjpa/kernel/AbstractPCResultObjectProvider.java,5
openjpa-kernel/src/main/java/org/apache/openjpa/instrumentation/AbstractPreparedQueryCacheInstrument.java,5
openjpa-lib/src/main/java/org/apache/openjpa/lib/conf/AbstractProductDerivation.java,3
openjpa-persistence/src/main/java/org/apache/openjpa/persistence/AbstractQuery.java,15
openjpa-kernel/src/main/java/org/apache/openjpa/datacache/AbstractQueryCache.java,12
openjpa-kernel/src/main/java/org/apache/openjpa/instrumentation/AbstractQueryCacheInstrument.java,6
openjpa-lib/src/main/java/org/apache/openjpa/lib/util/collections/AbstractReferenceMap.java,12
openjpa-kernel/src/main/java/org/apache/openjpa/event/AbstractRemoteCommitProvider.java,0
openjpa-jdbc/src/main/java/org/apache/openjpa/jdbc/sql/AbstractResult.java,20
openjpa-lib/src/main/java/org/apache/openjpa/lib/rop/AbstractResultList.java,1
openjpa-lib/src/main/java/org/apache/openjpa/lib/rop/AbstractSequentialResultList.java,0
openjpa-lib/src/main/java/org/apache/openjpa/lib/util/collections/AbstractSerializableListDecorator.java,0
openjpa-lib/src/main/java/org/apache/openjpa/lib/util/collections/AbstractSerializableSetDecorator.java,0
openjpa-lib/src/main/java/org/apache/openjpa/lib/util/collections/AbstractSetDecorator.java,0
openjpa-lib/src/main/java/org/apache/openjpa/lib/util/collections/AbstractSortedMapDecorator.java,1
openjpa-jdbc/src/main/java/org/apache/openjpa/jdbc/sql/AbstractSQLServerDictionary.java,6
openjpa-kernel/src/main/java/org/apache/openjpa/abstractstore/AbstractStoreBrokerFactory.java,4
openjpa-kernel/src/main/java/org/apache/openjpa/abstractstore/AbstractStoreManager.java,5
openjpa-kernel/src/main/java/org/apache/openjpa/kernel/AbstractStoreQuery.java,4
openjpa-jdbc/src/main/java/org/apache/openjpa/jdbc/meta/strats/AbstractStrategy.java,0
openjpa-lib/src/main/java/org/apache/openjpa/lib/ant/AbstractTask.java,9
openjpa-kernel/src/main/java/org/apache/openjpa/event/AbstractTransactionListener.java,0
openjpa-lib/src/main/java/org/apache/openjpa/lib/util/collections/AbstractUntypedIteratorDecorator.java,0
openjpa-jdbc/src/main/java/org/apache/openjpa/jdbc/kernel/AbstractUpdateManager.java,9
openjpa-jdbc/src/main/java/org/apache/openjpa/jdbc/kernel/exps/AbstractVal.java,1
openjpa-kernel/src/main/java/org/apache/openjpa/validation/AbstractValidator.java,3
openjpa-jdbc/src/main/java/org/apache/openjpa/jdbc/meta/strats/AbstractValueHandler.java,0
openjpa-jdbc/src/main/java/org/apache/openjpa/jdbc/meta/strats/AbstractVersionStrategy.java,1
openjpa-persistence/src/main/java/org/apache/openjpa/persistence/query/AbstractVisitable.java,0
openjpa-kernel/src/main/java/org/apache/openjpa/meta/AccessCode.java,2
openjpa-jdbc/src/main/java/org/apache/openjpa/jdbc/sql/AccessDictionary.java,1
openjpa-kernel/src/main/java/org/apache/openjpa/kernel/exps/Add.java,0
openjpa-jdbc/src/main/java/org/apache/openjpa/jdbc/kernel/exps/Aggregate.java,7
openjpa-kernel/src/main/java/org/apache/openjpa/kernel/exps/Aggregate.java,5
openjpa-persistence/src/main/java/org/apache/openjpa/persistence/query/Aggregate.java,0
openjpa-kernel/src/main/java/org/apache/openjpa/kernel/exps/AggregateListener.java,0
openjpa-kernel/src/main/java/org/apache/openjpa/kernel/exps/AggregateVal.java,3
openjpa-persistence/src/main/java/org/apache/openjpa/persistence/query/AliasContext.java,6
openjpa-persistence/src/main/java/org/apache/openjpa/persistence/criteria/AliasContext.java,0
openjpa-jdbc/src/main/java/org/apache/openjpa/jdbc/kernel/exps/All.java,0
openjpa-kernel/src/main/java/org/apache/openjpa/kernel/exps/All.java,0
openjpa-persistence/src/main/java/org/apache/openjpa/persistence/query/AllExpression.java,0
openjpa-jdbc/src/main/java/org/apache/openjpa/jdbc/kernel/exps/AndExpression.java,2
openjpa-kernel/src/main/java/org/apache/openjpa/kernel/exps/AndExpression.java,2
openjpa-persistence/src/main/java/org/apache/openjpa/persistence/query/AndPredicate.java,0
openjpa-persistence/src/main/java/org/apache/openjpa/persistence/AnnotationBuilder.java,3
openjpa-persistence-jdbc/src/main/java/org/apache/openjpa/persistence/jdbc/AnnotationPersistenceMappingParser.java,37
openjpa-persistence-jdbc/src/main/java/org/apache/openjpa/persistence/jdbc/AnnotationPersistenceMappingSerializer.java,23
openjpa-persistence/src/main/java/org/apache/openjpa/persistence/AnnotationPersistenceMetaDataParser.java,71
openjpa-persistence/src/main/java/org/apache/openjpa/persistence/AnnotationPersistenceMetaDataSerializer.java,50
openjpa-persistence/src/main/java/org/apache/openjpa/persistence/AnnotationPersistenceXMLMetaDataParser.java,29
openjpa-persistence/src/main/java/org/apache/openjpa/persistence/meta/AnnotationProcessor6.java,13
openjpa-jdbc/src/main/java/org/apache/openjpa/jdbc/kernel/exps/Any.java,0
openjpa-kernel/src/main/java/org/apache/openjpa/kernel/exps/Any.java,0
openjpa-persistence/src/main/java/org/apache/openjpa/persistence/query/AnyExpression.java,0
openjpa-kernel/src/main/java/org/apache/openjpa/util/ApplicationIds.java,17
openjpa-kernel/src/main/java/org/apache/openjpa/enhance/ApplicationIdTool.java,48
openjpa-kernel/src/main/java/org/apache/openjpa/ant/ApplicationIdToolTask.java,0
openjpa-jdbc/src/main/java/org/apache/openjpa/jdbc/kernel/exps/Args.java,13
openjpa-kernel/src/main/java/org/apache/openjpa/kernel/exps/Args.java,4
openjpa-persistence/src/main/java/org/apache/openjpa/persistence/ArgumentException.java,7
openjpa-kernel/src/main/java/org/apache/openjpa/kernel/exps/Arguments.java,0
openjpa-persistence/src/main/java/org/apache/openjpa/persistence/query/ArrayExpression.java,2
openjpa-kernel/src/main/java/org/apache/openjpa/util/ArrayStateImage.java,1
openjpa-kernel/src/main/java/org/apache/openjpa/util/asm/AsmHelper.java,8
openjpa-kernel/src/main/java/org/apache/openjpa/event/AttachListener.java,0
openjpa-kernel/src/main/java/org/apache/openjpa/kernel/AttachManager.java,12
openjpa-kernel/src/main/java/org/apache/openjpa/kernel/AttachStrategy.java,5
openjpa-kernel/src/main/java/org/apache/openjpa/enhance/AttributeTranslator.java,0
openjpa-kernel/src/main/java/org/apache/openjpa/audit/Auditable.java,0
openjpa-kernel/src/main/java/org/apache/openjpa/audit/AuditableOperation.java,0
openjpa-kernel/src/main/java/org/apache/openjpa/kernel/Audited.java,2
openjpa-kernel/src/main/java/org/apache/openjpa/audit/AuditLogger.java,9
openjpa-kernel/src/main/java/org/apache/openjpa/kernel/AuditManager.java,25
openjpa-kernel/src/main/java/org/apache/openjpa/audit/Auditor.java,0
openjpa-kernel/src/main/java/org/apache/openjpa/kernel/AutoClear.java,1
openjpa-persistence/src/main/java/org/apache/openjpa/persistence/AutoClearType.java,0
openjpa-kernel/src/main/java/org/apache/openjpa/kernel/AutoDetach.java,3
openjpa-persistence/src/main/java/org/apache/openjpa/persistence/AutoDetachType.java,2
openjpa-kernel/src/main/java/org/apache/openjpa/conf/AutoDetachValue.java,3
openjpa-jdbc/src/main/java/org/apache/openjpa/jdbc/schema/AutoDriverDataSource.java,0
openjpa-kernel/src/main/java/org/apache/openjpa/ee/AutomaticManagedRuntime.java,27
openjpa-persistence/src/main/java/org/apache/openjpa/persistence/query/AverageExpression.java,0
openjpa-jdbc/src/main/java/org/apache/openjpa/jdbc/kernel/exps/Avg.java,0
openjpa-kernel/src/main/java/org/apache/openjpa/kernel/exps/Avg.java,0
openjpa-lib/src/main/java/org/apache/openjpa/lib/util/Base16Encoder.java,3
openjpa-lib/src/main/java/org/apache/openjpa/lib/rop/BatchedResultObjectProvider.java,0
openjpa-jdbc/src/main/java/org/apache/openjpa/jdbc/kernel/BatchingConstraintUpdateManager.java,0
openjpa-jdbc/src/main/java/org/apache/openjpa/jdbc/kernel/BatchingOperationOrderUpdateManager.java,0
openjpa-jdbc/src/main/java/org/apache/openjpa/jdbc/kernel/BatchingPreparedStatementManagerImpl.java,14
openjpa-kernel/src/main/java/org/apache/openjpa/util/asm/BCClassWriter.java,1
openjpa-kernel/src/main/java/org/apache/openjpa/event/BeanLifecycleCallbacks.java,7
openjpa-kernel/src/main/java/org/apache/openjpa/event/BeginTransactionListener.java,0
openjpa-persistence/src/main/java/org/apache/openjpa/persistence/query/BetweenExpression.java,0
openjpa-lib/src/main/java/org/apache/openjpa/lib/util/collections/BidiMap.java,0
openjpa-kernel/src/main/java/org/apache/openjpa/util/BigDecimalId.java,2
openjpa-kernel/src/main/java/org/apache/openjpa/util/BigIntegerId.java,2
openjpa-persistence/src/main/java/org/apache/openjpa/persistence/query/BinaryConditionalOperator.java,1
openjpa-persistence/src/main/java/org/apache/openjpa/persistence/query/BinaryExpressionPredicate.java,6
openjpa-persistence/src/main/java/org/apache/openjpa/persistence/query/BinaryFunctionalOperator.java,1
openjpa-persistence/src/main/java/org/apache/openjpa/persistence/query/BinaryOperatorExpression.java,5
openjpa-jdbc/src/main/java/org/apache/openjpa/jdbc/kernel/exps/BinaryOpExpState.java,0
openjpa-persistence/src/main/java/org/apache/openjpa/persistence/criteria/BindableParameter.java,0
openjpa-kernel/src/main/java/org/apache/openjpa/kernel/exps/BindKeyVariableExpression.java,1
openjpa-kernel/src/main/java/org/apache/openjpa/kernel/exps/BindValueVariableExpression.java,1
openjpa-jdbc/src/main/java/org/apache/openjpa/jdbc/kernel/exps/BindVariableAndExpression.java,2
openjpa-kernel/src/main/java/org/apache/openjpa/kernel/exps/BindVariableAndExpression.java,2
openjpa-jdbc/src/main/java/org/apache/openjpa/jdbc/kernel/exps/BindVariableExpression.java,3
openjpa-kernel/src/main/java/org/apache/openjpa/kernel/exps/BindVariableExpression.java,4
openjpa-kernel/src/main/java/org/apache/openjpa/util/BlacklistClassResolver.java,3
openjpa-jdbc/src/main/java/org/apache/openjpa/jdbc/meta/strats/BlobValueHandler.java,2
openjpa-kernel/src/main/java/org/apache/openjpa/util/BooleanId.java,2
openjpa-jdbc/src/main/java/org/apache/openjpa/jdbc/sql/BooleanRepresentation.java,1
openjpa-jdbc/src/main/java/org/apache/openjpa/jdbc/sql/BooleanRepresentationFactory.java,1
openjpa-lib/src/main/java/org/apache/openjpa/lib/conf/BooleanValue.java,1
openjpa-kernel/src/main/java/org/apache/openjpa/kernel/Bootstrap.java,3
openjpa-lib/src/main/java/org/apache/openjpa/lib/conf/BootstrapException.java,2
openjpa-lib/src/main/java/org/apache/openjpa/lib/util/collections/BoundedMap.java,0
openjpa-kernel/src/main/java/org/apache/openjpa/kernel/exps/BoundVariable.java,3
openjpa-lib/src/main/java/org/apache/openjpa/lib/graph/BreadthFirstWalk.java,5
openjpa-kernel/src/main/java/org/apache/openjpa/kernel/Broker.java,0
openjpa-kernel/src/main/java/org/apache/openjpa/kernel/BrokerFactory.java,0
openjpa-kernel/src/main/java/org/apache/openjpa/event/BrokerFactoryEvent.java,0
openjpa-kernel/src/main/java/org/apache/openjpa/event/BrokerFactoryEventManager.java,1
openjpa-kernel/src/main/java/org/apache/openjpa/event/BrokerFactoryListener.java,0
openjpa-kernel/src/main/java/org/apache/openjpa/conf/BrokerFactoryValue.java,0
openjpa-kernel/src/main/java/org/apache/openjpa/kernel/BrokerImpl.java,150
openjpa-kernel/src/main/java/org/apache/openjpa/conf/BrokerValue.java,2
openjpa-persistence/src/main/java/org/apache/openjpa/persistence/osgi/BundleDelegatingClassLoader.java,0
openjpa-persistence/src/main/java/org/apache/openjpa/persistence/osgi/BundleUtils.java,5
openjpa-jdbc/src/main/java/org/apache/openjpa/jdbc/meta/strats/ByteArrayValueHandler.java,4
openjpa-kernel/src/main/java/org/apache/openjpa/util/asm/BytecodeWriter.java,0
openjpa-kernel/src/main/java/org/apache/openjpa/util/ByteId.java,2
openjpa-lib/src/main/java/org/apache/openjpa/lib/util/Bytes.java,0
openjpa-jdbc/src/main/java/org/apache/openjpa/jdbc/sql/CacheDictionary.java,0
openjpa-kernel/src/main/java/org/apache/openjpa/datacache/CacheDistributionPolicy.java,0
openjpa-kernel/src/main/java/org/apache/openjpa/util/CacheMap.java,11
openjpa-kernel/src/main/java/org/apache/openjpa/conf/CacheMarshaller.java,0
openjpa-kernel/src/main/java/org/apache/openjpa/conf/CacheMarshallerImpl.java,15
openjpa-kernel/src/main/java/org/apache/openjpa/conf/CacheMarshallersValue.java,5
openjpa-kernel/src/main/java/org/apache/openjpa/datacache/Caches.java,2
openjpa-kernel/src/main/java/org/apache/openjpa/datacache/CacheStatistics.java,13
openjpa-kernel/src/main/java/org/apache/openjpa/datacache/CacheStatisticsImpl.java,1
openjpa-kernel/src/main/java/org/apache/openjpa/datacache/CacheStatisticsSPI.java,0
openjpa-jdbc/src/main/java/org/apache/openjpa/jdbc/sql/Calendard.java,1
openjpa-kernel/src/main/java/org/apache/openjpa/util/CallbackException.java,1
openjpa-persistence/src/main/java/org/apache/openjpa/persistence/CallbackMode.java,1
openjpa-kernel/src/main/java/org/apache/openjpa/event/CallbackModes.java,1
openjpa-kernel/src/main/java/org/apache/openjpa/conf/CallbackOptions.java,3
openjpa-kernel/src/main/java/org/apache/openjpa/kernel/exps/CandidatePath.java,8
openjpa-persistence/src/main/java/org/apache/openjpa/persistence/query/CaseExpression.java,1
openjpa-persistence/src/main/java/org/apache/openjpa/persistence/query/CaseExpressionImpl.java,5
openjpa-kernel/src/main/java/org/apache/openjpa/kernel/exps/Cast.java,3
openjpa-jdbc/src/main/java/org/apache/openjpa/jdbc/kernel/exps/Ceiling.java,0
openjpa-kernel/src/main/java/org/apache/openjpa/kernel/exps/Ceiling.java,4
openjpa-lib/src/main/java/org/apache/openjpa/lib/meta/CFMetaDataParser.java,23
openjpa-lib/src/main/java/org/apache/openjpa/lib/meta/CFMetaDataSerializer.java,3
openjpa-kernel/src/main/java/org/apache/openjpa/util/ChangeTracker.java,0
openjpa-jdbc/src/main/java/org/apache/openjpa/jdbc/meta/strats/CharArrayStreamValueHandler.java,4
openjpa-jdbc/src/main/java/org/apache/openjpa/jdbc/meta/strats/CharArrayValueHandler.java,4
openjpa-kernel/src/main/java/org/apache/openjpa/util/CharId.java,2
openjpa-lib/src/main/java/org/apache/openjpa/lib/meta/ClassAnnotationMetaDataFilter.java,4
openjpa-lib/src/main/java/org/apache/openjpa/lib/meta/ClassArgParser.java,37
openjpa-persistence-jdbc/src/main/java/org/apache/openjpa/persistence/jdbc/ClassCriteria.java,0
openjpa-lib/src/main/java/org/apache/openjpa/lib/conf/ClassListValue.java,4
openjpa-kernel/src/main/java/org/apache/openjpa/util/ClassLoaderProxyService.java,2
openjpa-jdbc/src/main/java/org/apache/openjpa/jdbc/meta/ClassMapping.java,24
openjpa-jdbc/src/main/java/org/apache/openjpa/jdbc/meta/ClassMappingInfo.java,43
openjpa-kernel/src/main/java/org/apache/openjpa/meta/ClassMetaData.java,92
openjpa-lib/src/main/java/org/apache/openjpa/lib/meta/ClassMetaDataIterator.java,17
openjpa-jdbc/src/main/java/org/apache/openjpa/jdbc/meta/strats/ClassNameDiscriminatorStrategy.java,3
openjpa-kernel/src/main/java/org/apache/openjpa/util/asm/ClassNodeTracker.java,0
openjpa-lib/src/main/java/org/apache/openjpa/lib/meta/ClasspathMetaDataIterator.java,7
openjpa-kernel/src/main/java/org/apache/openjpa/enhance/ClassRedefiner.java,1
openjpa-kernel/src/main/java/org/apache/openjpa/util/ClassResolver.java,0
openjpa-kernel/src/main/java/org/apache/openjpa/util/ClassResolverImpl.java,4
openjpa-jdbc/src/main/java/org/apache/openjpa/jdbc/meta/ClassStrategy.java,0
openjpa-jdbc/src/main/java/org/apache/openjpa/jdbc/kernel/ClassTableJDBCSeq.java,17
openjpa-lib/src/main/java/org/apache/openjpa/lib/util/ClassUtil.java,2
openjpa-kernel/src/main/java/org/apache/openjpa/util/asm/ClassWriterTracker.java,0
openjpa-lib/src/main/java/org/apache/openjpa/lib/util/Clearable.java,0
openjpa-kernel/src/main/java/org/apache/openjpa/datacache/ClearableScheduler.java,9
openjpa-kernel/src/main/java/org/apache/openjpa/kernel/ClearFieldManager.java,0
openjpa-kernel/src/main/java/org/apache/openjpa/event/ClearListener.java,0
openjpa-jdbc/src/main/java/org/apache/openjpa/jdbc/meta/strats/ClobValueHandler.java,4
openjpa-lib/src/main/java/org/apache/openjpa/lib/util/Closeable.java,1
openjpa-jest/src/main/java/org/apache/openjpa/persistence/jest/Closure.java,3
openjpa-kernel/src/main/java/org/apache/openjpa/kernel/exps/Coalesce.java,4
openjpa-jdbc/src/main/java/org/apache/openjpa/jdbc/kernel/exps/CoalesceExpression.java,4
openjpa-lib/src/main/java/org/apache/openjpa/lib/util/CodeFormat.java,11
openjpa-kernel/src/main/java/org/apache/openjpa/enhance/CodeGenerator.java,25
openjpa-kernel/src/main/java/org/apache/openjpa/util/CollectionChangeTracker.java,0
openjpa-kernel/src/main/java/org/apache/openjpa/util/CollectionChangeTrackerImpl.java,4
openjpa-jdbc/src/main/java/org/apache/openjpa/jdbc/kernel/exps/CollectionParam.java,9
openjpa-kernel/src/main/java/org/apache/openjpa/kernel/exps/CollectionParam.java,4
openjpa-jdbc/src/main/java/org/apache/openjpa/jdbc/schema/Column.java,69
openjpa-jdbc/src/main/java/org/apache/openjpa/jdbc/identifier/ColumnDefIdentifierRule.java,0
openjpa-jdbc/src/main/java/org/apache/openjpa/jdbc/identifier/ColumnIdentifierRule.java,0
openjpa-jdbc/src/main/java/org/apache/openjpa/jdbc/schema/ColumnIO.java,4
openjpa-persistence-jdbc/src/main/java/org/apache/openjpa/persistence/jdbc/Columns.java,0
openjpa-jdbc/src/main/java/org/apache/openjpa/jdbc/meta/strats/ColumnVersionStrategy.java,4
openjpa-lib/src/main/java/org/apache/openjpa/lib/xml/Commentable.java,0
openjpa-lib/src/main/java/org/apache/openjpa/lib/log/CommonsLogFactory.java,2
openjpa-lib/src/main/java/org/apache/openjpa/lib/util/collections/ComparableComparator.java,0
openjpa-lib/src/main/java/org/apache/openjpa/lib/util/collections/ComparatorChain.java,3
openjpa-persistence/src/main/java/org/apache/openjpa/persistence/criteria/CompareByExample.java,4
openjpa-jdbc/src/main/java/org/apache/openjpa/jdbc/kernel/exps/CompareEqualExpression.java,3
openjpa-jdbc/src/main/java/org/apache/openjpa/jdbc/kernel/exps/CompareExpression.java,3
openjpa-kernel/src/main/java/org/apache/openjpa/kernel/exps/CompareExpression.java,3
openjpa-persistence/src/main/java/org/apache/openjpa/persistence/criteria/ComparisonStyle.java,1
openjpa-kernel/src/main/java/org/apache/openjpa/conf/Compatibility.java,31
openjpa-persistence/src/main/java/org/apache/openjpa/persistence/meta/CompileTimeLogger.java,1
openjpa-persistence/src/main/java/org/apache/openjpa/persistence/criteria/CompoundSelections.java,6
openjpa-jdbc/src/main/java/org/apache/openjpa/jdbc/kernel/exps/Concat.java,5
openjpa-kernel/src/main/java/org/apache/openjpa/kernel/exps/Concat.java,3
openjpa-persistence/src/main/java/org/apache/openjpa/persistence/query/ConcatExpression.java,0
openjpa-kernel/src/main/java/org/apache/openjpa/datacache/ConcurrentDataCache.java,6
openjpa-lib/src/main/java/org/apache/openjpa/lib/util/concurrent/ConcurrentHashMap.java,22
openjpa-lib/src/main/java/org/apache/openjpa/lib/util/concurrent/ConcurrentMap.java,0
openjpa-kernel/src/main/java/org/apache/openjpa/datacache/ConcurrentQueryCache.java,6
openjpa-lib/src/main/java/org/apache/openjpa/lib/util/concurrent/ConcurrentReferenceHashMap.java,31
openjpa-lib/src/main/java/org/apache/openjpa/lib/util/concurrent/ConcurrentReferenceHashSet.java,2
openjpa-persistence/src/main/java/org/apache/openjpa/persistence/query/ConditionalOperator.java,0
openjpa-lib/src/main/java/org/apache/openjpa/lib/conf/Configurable.java,0
openjpa-lib/src/main/java/org/apache/openjpa/lib/conf/Configuration.java,2
openjpa-lib/src/main/java/org/apache/openjpa/lib/conf/ConfigurationImpl.java,48
openjpa-lib/src/main/java/org/apache/openjpa/lib/conf/ConfigurationProvider.java,0
openjpa-lib/src/main/java/org/apache/openjpa/lib/conf/Configurations.java,21
openjpa-lib/src/main/java/org/apache/openjpa/lib/jdbc/ConfiguringConnectionDecorator.java,6
openjpa-lib/src/main/java/org/apache/openjpa/lib/jdbc/ConnectionDecorator.java,0
openjpa-jdbc/src/main/java/org/apache/openjpa/jdbc/kernel/ConnectionInfo.java,0
openjpa-persistence/src/main/java/org/apache/openjpa/persistence/ConnectionRetainMode.java,0
openjpa-kernel/src/main/java/org/apache/openjpa/kernel/ConnectionRetainModes.java,1
openjpa-jdbc/src/main/java/org/apache/openjpa/jdbc/kernel/exps/Const.java,3
openjpa-kernel/src/main/java/org/apache/openjpa/kernel/exps/Constant.java,0
openjpa-persistence/src/main/java/org/apache/openjpa/persistence/query/ConstantExpression.java,2
openjpa-jest/src/main/java/org/apache/openjpa/persistence/jest/Constants.java,1
openjpa-jdbc/src/main/java/org/apache/openjpa/jdbc/kernel/exps/ConstGetObjectId.java,2
openjpa-jdbc/src/main/java/org/apache/openjpa/jdbc/kernel/exps/ConstInstanceofExpression.java,2
openjpa-jdbc/src/main/java/org/apache/openjpa/jdbc/kernel/exps/ConstPath.java,9
openjpa-jdbc/src/main/java/org/apache/openjpa/jdbc/schema/Constraint.java,27
openjpa-jdbc/src/main/java/org/apache/openjpa/jdbc/kernel/ConstraintUpdateManager.java,7
openjpa-jdbc/src/main/java/org/apache/openjpa/jdbc/meta/strats/ContainerFieldStrategy.java,2
openjpa-persistence-jdbc/src/main/java/org/apache/openjpa/persistence/jdbc/ContainerTable.java,0
openjpa-jdbc/src/main/java/org/apache/openjpa/jdbc/kernel/exps/ContainsExpression.java,0
openjpa-kernel/src/main/java/org/apache/openjpa/kernel/exps/ContainsExpression.java,2
openjpa-jdbc/src/main/java/org/apache/openjpa/jdbc/kernel/exps/ContainsKeyExpression.java,0
openjpa-kernel/src/main/java/org/apache/openjpa/kernel/exps/ContainsKeyExpression.java,0
openjpa-kernel/src/main/java/org/apache/openjpa/kernel/exps/ContainsValueExpression.java,0
openjpa-kernel/src/main/java/org/apache/openjpa/kernel/exps/Context.java,7
openjpa-jdbc/src/main/java/org/apache/openjpa/jdbc/kernel/exps/Count.java,0
openjpa-kernel/src/main/java/org/apache/openjpa/kernel/exps/Count.java,0
openjpa-persistence/src/main/java/org/apache/openjpa/persistence/query/CountExpression.java,0
openjpa-persistence/src/main/java/org/apache/openjpa/persistence/criteria/CriteriaBuilderImpl.java,10
openjpa-persistence/src/main/java/org/apache/openjpa/persistence/criteria/CriteriaExpression.java,0
openjpa-persistence/src/main/java/org/apache/openjpa/persistence/criteria/CriteriaExpressionBuilder.java,13
openjpa-persistence/src/main/java/org/apache/openjpa/persistence/criteria/CriteriaExpressionVisitor.java,3
openjpa-persistence/src/main/java/org/apache/openjpa/persistence/criteria/CriteriaQueryImpl.java,40
openjpa-jdbc/src/main/java/org/apache/openjpa/jdbc/kernel/exps/CurrentDate.java,3
openjpa-kernel/src/main/java/org/apache/openjpa/kernel/exps/CurrentDate.java,3
openjpa-jdbc/src/main/java/org/apache/openjpa/jdbc/kernel/exps/CurrentTemporal.java,9
openjpa-kernel/src/main/java/org/apache/openjpa/kernel/exps/CurrentTemporal.java,5
openjpa-persistence/src/main/java/org/apache/openjpa/persistence/query/CurrentTimeExpression.java,4
openjpa-kernel/src/main/java/org/apache/openjpa/datacache/DataCache.java,0
openjpa-persistence/src/main/java/org/apache/openjpa/persistence/DataCache.java,0
openjpa-kernel/src/main/java/org/apache/openjpa/instrumentation/DataCacheInstrument.java,1
openjpa-kernel/src/main/java/org/apache/openjpa/instrumentation/jmx/DataCacheJMXInstrument.java,3
openjpa-kernel/src/main/java/org/apache/openjpa/instrumentation/jmx/DataCacheJMXInstrumentMBean.java,0
openjpa-kernel/src/main/java/org/apache/openjpa/datacache/DataCacheManager.java,0
openjpa-kernel/src/main/java/org/apache/openjpa/datacache/DataCacheManagerImpl.java,13
openjpa-kernel/src/main/java/org/apache/openjpa/datacache/DataCacheMode.java,0
openjpa-kernel/src/main/java/org/apache/openjpa/datacache/DataCachePCData.java,0
openjpa-kernel/src/main/java/org/apache/openjpa/datacache/DataCachePCDataGenerator.java,14
openjpa-kernel/src/main/java/org/apache/openjpa/datacache/DataCachePCDataImpl.java,1
openjpa-kernel/src/main/java/org/apache/openjpa/kernel/DataCacheRetrieveMode.java,0
openjpa-kernel/src/main/java/org/apache/openjpa/datacache/DataCacheStoreManager.java,20
openjpa-kernel/src/main/java/org/apache/openjpa/kernel/DataCacheStoreMode.java,0
openjpa-jdbc/src/main/java/org/apache/openjpa/jdbc/schema/DataSourceFactory.java,8
openjpa-lib/src/main/java/org/apache/openjpa/lib/jdbc/DataSourceLogs.java,3
openjpa-jdbc/src/main/java/org/apache/openjpa/jdbc/kernel/exps/DatastoreFunction.java,1
openjpa-persistence/src/main/java/org/apache/openjpa/persistence/DataStoreId.java,0
openjpa-persistence-jdbc/src/main/java/org/apache/openjpa/persistence/jdbc/DataStoreIdColumn.java,0
openjpa-kernel/src/main/java/org/apache/openjpa/util/DateId.java,2
openjpa-kernel/src/main/java/org/apache/openjpa/kernel/exps/DateTimeExtractField.java,0
openjpa-kernel/src/main/java/org/apache/openjpa/kernel/exps/DateTimeExtractPart.java,0
openjpa-jdbc/src/main/java/org/apache/openjpa/jdbc/sql/DB2Dictionary.java,41
openjpa-jdbc/src/main/java/org/apache/openjpa/jdbc/schema/DBCPDriverDataSource.java,14
openjpa-jdbc/src/main/java/org/apache/openjpa/jdbc/sql/DBDictionary.java,203
openjpa-jdbc/src/main/java/org/apache/openjpa/jdbc/sql/DBDictionaryFactory.java,14
openjpa-jdbc/src/main/java/org/apache/openjpa/jdbc/identifier/DBIdentifier.java,14
openjpa-jdbc/src/main/java/org/apache/openjpa/jdbc/identifier/DBIdentifierRule.java,1
openjpa-jdbc/src/main/java/org/apache/openjpa/jdbc/identifier/DBIdentifierUtil.java,0
openjpa-jdbc/src/main/java/org/apache/openjpa/jdbc/identifier/DBIdentifierUtilImpl.java,7
openjpa-lib/src/main/java/org/apache/openjpa/lib/jdbc/DecoratingDataSource.java,2
openjpa-kernel/src/main/java/org/apache/openjpa/datacache/DefaultCacheDistributionPolicy.java,3
openjpa-jdbc/src/main/java/org/apache/openjpa/jdbc/identifier/DefaultIdentifierConfiguration.java,0
openjpa-lib/src/main/java/org/apache/openjpa/lib/util/collections/DefaultMapEntry.java,0
openjpa-kernel/src/main/java/org/apache/openjpa/util/proxy/DelayedArrayListProxy.java,12
openjpa-kernel/src/main/java/org/apache/openjpa/util/DelayedCollectionChangeTrackerImpl.java,0
openjpa-kernel/src/main/java/org/apache/openjpa/util/proxy/DelayedHashSetProxy.java,11
openjpa-kernel/src/main/java/org/apache/openjpa/util/proxy/DelayedLinkedHashSetProxy.java,11
openjpa-kernel/src/main/java/org/apache/openjpa/util/proxy/DelayedLinkedListProxy.java,12
openjpa-kernel/src/main/java/org/apache/openjpa/util/proxy/DelayedPriorityQueueProxy.java,11
openjpa-kernel/src/main/java/org/apache/openjpa/util/proxy/DelayedProxy.java,0
openjpa-kernel/src/main/java/org/apache/openjpa/util/proxy/DelayedTreeSetProxy.java,11
openjpa-kernel/src/main/java/org/apache/openjpa/util/proxy/DelayedVectorProxy.java,12
openjpa-kernel/src/main/java/org/apache/openjpa/kernel/DelegatingBroker.java,3
openjpa-kernel/src/main/java/org/apache/openjpa/kernel/DelegatingBrokerFactory.java,3
openjpa-lib/src/main/java/org/apache/openjpa/lib/jdbc/DelegatingCallableStatement.java,8
openjpa-lib/src/main/java/org/apache/openjpa/lib/jdbc/DelegatingConnection.java,2
openjpa-lib/src/main/java/org/apache/openjpa/lib/jdbc/DelegatingDatabaseMetaData.java,2
openjpa-kernel/src/main/java/org/apache/openjpa/datacache/DelegatingDataCache.java,5
openjpa-lib/src/main/java/org/apache/openjpa/lib/jdbc/DelegatingDataSource.java,4
openjpa-kernel/src/main/java/org/apache/openjpa/kernel/DelegatingExtent.java,3
openjpa-kernel/src/main/java/org/apache/openjpa/kernel/DelegatingFetchConfiguration.java,5
openjpa-jdbc/src/main/java/org/apache/openjpa/jdbc/kernel/DelegatingJDBCFetchConfiguration.java,0
openjpa-jdbc/src/main/java/org/apache/openjpa/jdbc/meta/DelegatingJoinable.java,3
openjpa-kernel/src/main/java/org/apache/openjpa/meta/DelegatingMetaDataFactory.java,1
openjpa-lib/src/main/java/org/apache/openjpa/lib/jdbc/DelegatingPreparedStatement.java,6
openjpa-kernel/src/main/java/org/apache/openjpa/kernel/DelegatingQuery.java,3
openjpa-kernel/src/main/java/org/apache/openjpa/datacache/DelegatingQueryCache.java,6
openjpa-kernel/src/main/java/org/apache/openjpa/kernel/DelegatingResultList.java,5
openjpa-lib/src/main/java/org/apache/openjpa/lib/jdbc/DelegatingResultSet.java,17
openjpa-kernel/src/main/java/org/apache/openjpa/kernel/DelegatingSeq.java,3
openjpa-lib/src/main/java/org/apache/openjpa/lib/jdbc/DelegatingStatement.java,3
openjpa-kernel/src/main/java/org/apache/openjpa/kernel/DelegatingStoreManager.java,3
openjpa-kernel/src/main/java/org/apache/openjpa/event/DeleteListener.java,0
openjpa-persistence/src/main/java/org/apache/openjpa/persistence/Dependent.java,0
openjpa-lib/src/main/java/org/apache/openjpa/lib/graph/DepthFirstAnalysis.java,7
openjpa-jdbc/src/main/java/org/apache/openjpa/jdbc/sql/DerbyDictionary.java,4
openjpa-persistence/src/main/java/org/apache/openjpa/persistence/DetachedState.java,0
openjpa-kernel/src/main/java/org/apache/openjpa/kernel/DetachedStateAttachStrategy.java,2
openjpa-kernel/src/main/java/org/apache/openjpa/kernel/DetachedStateManager.java,16
openjpa-kernel/src/main/java/org/apache/openjpa/kernel/DetachedValueStateManager.java,5
openjpa-kernel/src/main/java/org/apache/openjpa/event/DetachListener.java,0
openjpa-kernel/src/main/java/org/apache/openjpa/kernel/DetachManager.java,26
openjpa-kernel/src/main/java/org/apache/openjpa/kernel/DetachManagerLite.java,4
openjpa-kernel/src/main/java/org/apache/openjpa/conf/DetachOptions.java,6
openjpa-kernel/src/main/java/org/apache/openjpa/kernel/DetachState.java,3
openjpa-persistence/src/main/java/org/apache/openjpa/persistence/DetachStateType.java,0
openjpa-kernel/src/main/java/org/apache/openjpa/event/DirtyListener.java,0
openjpa-jdbc/src/main/java/org/apache/openjpa/jdbc/meta/Discriminator.java,11
openjpa-jdbc/src/main/java/org/apache/openjpa/jdbc/meta/DiscriminatorMappingInfo.java,1
openjpa-persistence-jdbc/src/main/java/org/apache/openjpa/persistence/jdbc/DiscriminatorStrategy.java,0
openjpa-jdbc/src/main/java/org/apache/openjpa/jdbc/meta/DiscriminatorStrategy.java,0
openjpa-jdbc/src/main/java/org/apache/openjpa/jdbc/kernel/exps/Distinct.java,0
openjpa-kernel/src/main/java/org/apache/openjpa/kernel/exps/Distinct.java,3
openjpa-persistence/src/main/java/org/apache/openjpa/persistence/query/DistinctExpression.java,0
openjpa-kernel/src/main/java/org/apache/openjpa/kernel/DistinctResultList.java,3
openjpa-slice/src/main/java/org/apache/openjpa/slice/DistributedBroker.java,0
openjpa-slice/src/main/java/org/apache/openjpa/slice/DistributedBrokerFactory.java,0
openjpa-slice/src/main/java/org/apache/openjpa/slice/DistributedBrokerImpl.java,9
openjpa-slice/src/main/java/org/apache/openjpa/slice/DistributedConfiguration.java,0
openjpa-slice/src/main/java/org/apache/openjpa/slice/jdbc/DistributedConnection.java,7
openjpa-slice/src/main/java/org/apache/openjpa/slice/jdbc/DistributedDataSource.java,1
openjpa-slice/src/main/java/org/apache/openjpa/slice/jdbc/DistributedJDBCBrokerFactory.java,2
openjpa-slice/src/main/java/org/apache/openjpa/slice/jdbc/DistributedJDBCConfiguration.java,0
openjpa-slice/src/main/java/org/apache/openjpa/slice/jdbc/DistributedJDBCConfigurationImpl.java,26
openjpa-slice/src/main/java/org/apache/openjpa/slice/jdbc/DistributedJDBCStoreManager.java,9
openjpa-slice/src/main/java/org/apache/openjpa/slice/jdbc/DistributedPreparedStatement.java,33
openjpa-slice/src/main/java/org/apache/openjpa/slice/DistributedQueryImpl.java,2
openjpa-slice/src/main/java/org/apache/openjpa/slice/jdbc/DistributedResultSet.java,2
openjpa-slice/src/main/java/org/apache/openjpa/slice/jdbc/DistributedSQLStoreQuery.java,4
openjpa-slice/src/main/java/org/apache/openjpa/slice/jdbc/DistributedStatement.java,0
openjpa-slice/src/main/java/org/apache/openjpa/slice/DistributedStoreManager.java,0
openjpa-slice/src/main/java/org/apache/openjpa/slice/jdbc/DistributedStoreQuery.java,6
openjpa-slice/src/main/java/org/apache/openjpa/slice/jdbc/DistributedTemplate.java,9
openjpa-slice/src/main/java/org/apache/openjpa/slice/DistributionPolicy.java,0
openjpa-kernel/src/main/java/org/apache/openjpa/kernel/exps/Divide.java,0
openjpa-persistence/src/main/java/org/apache/openjpa/persistence/query/DividedByExpression.java,0
openjpa-lib/src/main/java/org/apache/openjpa/lib/xml/DocTypeReader.java,6
openjpa-jest/src/main/java/org/apache/openjpa/persistence/jest/DomainCommand.java,0
openjpa-persistence/src/main/java/org/apache/openjpa/persistence/query/DomainObject.java,0
openjpa-kernel/src/main/java/org/apache/openjpa/util/DoubleId.java,2
openjpa-lib/src/main/java/org/apache/openjpa/lib/conf/DoubleValue.java,1
openjpa-jdbc/src/main/java/org/apache/openjpa/jdbc/schema/DriverDataSource.java,0
openjpa-lib/src/main/java/org/apache/openjpa/lib/util/collections/DualHashBidiMap.java,0
openjpa-lib/src/main/java/org/apache/openjpa/lib/util/collections/DualTreeBidiMap.java,1
openjpa-kernel/src/main/java/org/apache/openjpa/enhance/DynamicPersistenceCapable.java,0
openjpa-jdbc/src/main/java/org/apache/openjpa/jdbc/schema/DynamicSchemaFactory.java,15
openjpa-kernel/src/main/java/org/apache/openjpa/enhance/DynamicStorage.java,0
openjpa-kernel/src/main/java/org/apache/openjpa/enhance/DynamicStorageGenerator.java,18
openjpa-kernel/src/main/java/org/apache/openjpa/event/DynamicTCPRemoteCommitProvider.java,4
openjpa-persistence-jdbc/src/main/java/org/apache/openjpa/persistence/jdbc/EagerFetchMode.java,0
openjpa-jdbc/src/main/java/org/apache/openjpa/jdbc/kernel/EagerFetchModes.java,1
openjpa-lib/src/main/java/org/apache/openjpa/lib/rop/EagerResultList.java,1
openjpa-kernel/src/main/java/org/apache/openjpa/kernel/ECleanState.java,0
openjpa-kernel/src/main/java/org/apache/openjpa/kernel/ECopyState.java,0
openjpa-kernel/src/main/java/org/apache/openjpa/kernel/EDeletedState.java,0
openjpa-lib/src/main/java/org/apache/openjpa/lib/graph/Edge.java,8
openjpa-kernel/src/main/java/org/apache/openjpa/kernel/EDirtyState.java,0
openjpa-persistence-jdbc/src/main/java/org/apache/openjpa/persistence/jdbc/ElementClassCriteria.java,0
openjpa-persistence-jdbc/src/main/java/org/apache/openjpa/persistence/jdbc/ElementColumn.java,0
openjpa-persistence-jdbc/src/main/java/org/apache/openjpa/persistence/jdbc/ElementColumns.java,0
openjpa-persistence/src/main/java/org/apache/openjpa/persistence/ElementDependent.java,0
openjpa-persistence-jdbc/src/main/java/org/apache/openjpa/persistence/jdbc/ElementEmbeddedMapping.java,0
openjpa-jdbc/src/main/java/org/apache/openjpa/jdbc/meta/strats/ElementEmbedValueHandler.java,10
openjpa-persistence-jdbc/src/main/java/org/apache/openjpa/persistence/jdbc/ElementForeignKey.java,0
openjpa-persistence-jdbc/src/main/java/org/apache/openjpa/persistence/jdbc/ElementIndex.java,0
openjpa-persistence-jdbc/src/main/java/org/apache/openjpa/persistence/jdbc/ElementJoinColumn.java,0
openjpa-persistence-jdbc/src/main/java/org/apache/openjpa/persistence/jdbc/ElementJoinColumns.java,0
openjpa-persistence-jdbc/src/main/java/org/apache/openjpa/persistence/jdbc/ElementNonpolymorphic.java,0
openjpa-persistence-jdbc/src/main/java/org/apache/openjpa/persistence/jdbc/ElementStrategy.java,0
openjpa-persistence/src/main/java/org/apache/openjpa/persistence/ElementType.java,0
openjpa-persistence/src/main/java/org/apache/openjpa/persistence/query/ElseExpression.java,5
openjpa-jdbc/src/main/java/org/apache/openjpa/jdbc/meta/Embeddable.java,0
openjpa-jdbc/src/main/java/org/apache/openjpa/jdbc/meta/strats/EmbeddedClassStrategy.java,1
openjpa-persistence-jdbc/src/main/java/org/apache/openjpa/persistence/jdbc/EmbeddedMapping.java,0
openjpa-jdbc/src/main/java/org/apache/openjpa/jdbc/meta/strats/EmbedFieldStrategy.java,19
openjpa-jdbc/src/main/java/org/apache/openjpa/jdbc/meta/strats/EmbedValueHandler.java,8
openjpa-jdbc/src/main/java/org/apache/openjpa/jdbc/sql/EmpressDictionary.java,1
openjpa-jdbc/src/main/java/org/apache/openjpa/jdbc/kernel/exps/EmptyExpression.java,2
openjpa-lib/src/main/java/org/apache/openjpa/lib/util/collections/EmptyIterator.java,0
openjpa-lib/src/main/java/org/apache/openjpa/lib/util/collections/EmptyMapIterator.java,0
openjpa-lib/src/main/java/org/apache/openjpa/lib/util/collections/EmptyOrderedIterator.java,0
openjpa-lib/src/main/java/org/apache/openjpa/lib/util/collections/EmptyOrderedMapIterator.java,0
openjpa-lib/src/main/java/org/apache/openjpa/lib/encryption/EncryptionProvider.java,0
openjpa-jdbc/src/main/java/org/apache/openjpa/jdbc/kernel/exps/EndsWithExpression.java,7
openjpa-kernel/src/main/java/org/apache/openjpa/kernel/exps/EndsWithExpression.java,0
openjpa-kernel/src/main/java/org/apache/openjpa/event/EndTransactionListener.java,0
openjpa-kernel/src/main/java/org/apache/openjpa/util/asm/EnhancementClassLoader.java,2
openjpa-kernel/src/main/java/org/apache/openjpa/util/asm/EnhancementProject.java,2
openjpa-kernel/src/main/java/org/apache/openjpa/kernel/ENonTransState.java,0
openjpa-persistence/src/main/java/org/apache/openjpa/persistence/EntityExistsException.java,9
openjpa-persistence/src/main/java/org/apache/openjpa/persistence/EntityManagerFactoryImpl.java,9
openjpa-persistence/src/main/java/org/apache/openjpa/persistence/EntityManagerFactoryValue.java,1
openjpa-persistence/src/main/java/org/apache/openjpa/persistence/EntityManagerImpl.java,23
openjpa-persistence/src/main/java/org/apache/openjpa/persistence/EntityNotFoundException.java,9
openjpa-persistence/src/main/java/org/apache/openjpa/persistence/query/EntryExpression.java,1
openjpa-lib/src/main/java/org/apache/openjpa/lib/util/collections/EntrySetToMapIteratorAdapter.java,2
openjpa-jdbc/src/main/java/org/apache/openjpa/jdbc/meta/strats/EnumValueHandler.java,6
openjpa-jdbc/src/main/java/org/apache/openjpa/jdbc/kernel/exps/EqualExpression.java,1
openjpa-kernel/src/main/java/org/apache/openjpa/kernel/exps/EqualExpression.java,0
openjpa-persistence/src/main/java/org/apache/openjpa/persistence/query/EqualExpression.java,0
openjpa-jdbc/src/main/java/org/apache/openjpa/jdbc/kernel/exps/EqualTypeExpression.java,4
openjpa-lib/src/main/java/org/apache/openjpa/lib/util/EventManager.java,0
openjpa-jest/src/main/java/org/apache/openjpa/persistence/jest/ExceptionFormatter.java,0
openjpa-kernel/src/main/java/org/apache/openjpa/util/ExceptionInfo.java,0
openjpa-kernel/src/main/java/org/apache/openjpa/event/ExceptionOrphanedKeyAction.java,0
openjpa-kernel/src/main/java/org/apache/openjpa/util/Exceptions.java,10
openjpa-persistence/src/main/java/org/apache/openjpa/persistence/query/ExistsExpression.java,0
openjpa-jdbc/src/main/java/org/apache/openjpa/jdbc/kernel/exps/Exp.java,0
openjpa-kernel/src/main/java/org/apache/openjpa/kernel/exps/Exp.java,3
openjpa-jdbc/src/main/java/org/apache/openjpa/jdbc/kernel/exps/ExpContext.java,0
openjpa-kernel/src/main/java/org/apache/openjpa/datacache/ExpirationEvent.java,3
openjpa-kernel/src/main/java/org/apache/openjpa/datacache/ExpirationListener.java,0
openjpa-jdbc/src/main/java/org/apache/openjpa/jdbc/kernel/exps/Exponential.java,0
openjpa-kernel/src/main/java/org/apache/openjpa/kernel/exps/Exponential.java,0
openjpa-kernel/src/main/java/org/apache/openjpa/kernel/exps/Expression.java,0
openjpa-persistence/src/main/java/org/apache/openjpa/persistence/query/Expression.java,0
openjpa-kernel/src/main/java/org/apache/openjpa/kernel/exps/ExpressionFactory.java,5
openjpa-persistence/src/main/java/org/apache/openjpa/persistence/query/ExpressionImpl.java,1
openjpa-persistence/src/main/java/org/apache/openjpa/persistence/criteria/ExpressionImpl.java,1
openjpa-kernel/src/main/java/org/apache/openjpa/kernel/exps/ExpressionParser.java,0
openjpa-persistence/src/main/java/org/apache/openjpa/persistence/criteria/Expressions.java,30
openjpa-kernel/src/main/java/org/apache/openjpa/kernel/ExpressionStoreQuery.java,31
openjpa-kernel/src/main/java/org/apache/openjpa/kernel/exps/ExpressionVisitor.java,0
openjpa-jdbc/src/main/java/org/apache/openjpa/jdbc/kernel/exps/ExpState.java,0
openjpa-jdbc/src/main/java/org/apache/openjpa/jdbc/kernel/exps/Extension.java,8
openjpa-kernel/src/main/java/org/apache/openjpa/kernel/exps/Extension.java,6
openjpa-kernel/src/main/java/org/apache/openjpa/meta/Extensions.java,12
openjpa-kernel/src/main/java/org/apache/openjpa/kernel/Extent.java,0
openjpa-persistence/src/main/java/org/apache/openjpa/persistence/Extent.java,2
openjpa-kernel/src/main/java/org/apache/openjpa/kernel/ExtentImpl.java,18
openjpa-persistence/src/main/java/org/apache/openjpa/persistence/ExtentImpl.java,3
openjpa-persistence/src/main/java/org/apache/openjpa/persistence/Externalizer.java,0
openjpa-persistence/src/main/java/org/apache/openjpa/persistence/ExternalValues.java,0
openjpa-jdbc/src/main/java/org/apache/openjpa/jdbc/kernel/exps/ExtractDateTimeField.java,5
openjpa-kernel/src/main/java/org/apache/openjpa/kernel/exps/ExtractDateTimeField.java,6
openjpa-jdbc/src/main/java/org/apache/openjpa/jdbc/kernel/exps/ExtractDateTimePart.java,6
openjpa-kernel/src/main/java/org/apache/openjpa/kernel/exps/ExtractDateTimePart.java,8
openjpa-persistence/src/main/java/org/apache/openjpa/persistence/Factory.java,0
openjpa-persistence/src/main/java/org/apache/openjpa/persistence/FetchAttribute.java,0
openjpa-kernel/src/main/java/org/apache/openjpa/kernel/FetchConfiguration.java,2
openjpa-kernel/src/main/java/org/apache/openjpa/kernel/FetchConfigurationImpl.java,17
openjpa-persistence-jdbc/src/main/java/org/apache/openjpa/persistence/jdbc/FetchDirection.java,0
openjpa-kernel/src/main/java/org/apache/openjpa/meta/FetchGroup.java,9
openjpa-persistence/src/main/java/org/apache/openjpa/persistence/FetchGroup.java,0
openjpa-persistence/src/main/java/org/apache/openjpa/persistence/FetchGroups.java,0
openjpa-persistence/src/main/java/org/apache/openjpa/persistence/query/FetchJoinObject.java,0
openjpa-persistence-jdbc/src/main/java/org/apache/openjpa/persistence/jdbc/FetchMode.java,2
openjpa-jdbc/src/main/java/org/apache/openjpa/jdbc/conf/FetchModeValue.java,0
openjpa-persistence/src/main/java/org/apache/openjpa/persistence/query/FetchPath.java,0
openjpa-persistence/src/main/java/org/apache/openjpa/persistence/criteria/FetchPathImpl.java,4
openjpa-persistence/src/main/java/org/apache/openjpa/persistence/FetchPlan.java,4
openjpa-persistence/src/main/java/org/apache/openjpa/persistence/FetchPlanImpl.java,3
openjpa-kernel/src/main/java/org/apache/openjpa/enhance/FieldConsumer.java,0
openjpa-kernel/src/main/java/org/apache/openjpa/enhance/FieldManager.java,0
openjpa-jdbc/src/main/java/org/apache/openjpa/jdbc/meta/FieldMapping.java,40
openjpa-jdbc/src/main/java/org/apache/openjpa/jdbc/meta/FieldMappingInfo.java,13
openjpa-kernel/src/main/java/org/apache/openjpa/meta/FieldMetaData.java,123
openjpa-jdbc/src/main/java/org/apache/openjpa/jdbc/meta/FieldStrategy.java,0
openjpa-kernel/src/main/java/org/apache/openjpa/enhance/FieldSupplier.java,0
openjpa-lib/src/main/java/org/apache/openjpa/lib/meta/FileMetaDataIterator.java,12
openjpa-lib/src/main/java/org/apache/openjpa/lib/util/Files.java,42
openjpa-jdbc/src/main/java/org/apache/openjpa/jdbc/schema/FileSchemaFactory.java,8
openjpa-lib/src/main/java/org/apache/openjpa/lib/conf/FileValue.java,2
openjpa-kernel/src/main/java/org/apache/openjpa/kernel/FillStrategy.java,5
openjpa-lib/src/main/java/org/apache/openjpa/lib/util/collections/FilterIterator.java,2
openjpa-kernel/src/main/java/org/apache/openjpa/kernel/exps/FilterListener.java,0
openjpa-kernel/src/main/java/org/apache/openjpa/kernel/Filters.java,32
openjpa-jdbc/src/main/java/org/apache/openjpa/jdbc/kernel/exps/FilterValue.java,0
openjpa-jdbc/src/main/java/org/apache/openjpa/jdbc/kernel/exps/FilterValueImpl.java,4
openjpa-kernel/src/main/java/org/apache/openjpa/kernel/FinalizingBrokerImpl.java,3
openjpa-kernel/src/main/java/org/apache/openjpa/kernel/FindCallbacks.java,0
openjpa-jest/src/main/java/org/apache/openjpa/persistence/jest/FindCommand.java,0
openjpa-kernel/src/main/java/org/apache/openjpa/kernel/FinderCache.java,0
openjpa-jdbc/src/main/java/org/apache/openjpa/jdbc/kernel/FinderCacheImpl.java,11
openjpa-kernel/src/main/java/org/apache/openjpa/kernel/FinderQuery.java,0
openjpa-jdbc/src/main/java/org/apache/openjpa/jdbc/kernel/FinderQueryImpl.java,11
openjpa-slice/src/main/java/org/apache/openjpa/slice/FinderTargetPolicy.java,0
openjpa-jdbc/src/main/java/org/apache/openjpa/jdbc/sql/FirebirdDictionary.java,8
openjpa-jdbc/src/main/java/org/apache/openjpa/jdbc/meta/strats/FlatClassStrategy.java,0
openjpa-kernel/src/main/java/org/apache/openjpa/util/FloatId.java,2
openjpa-jdbc/src/main/java/org/apache/openjpa/jdbc/kernel/exps/Floor.java,0
openjpa-kernel/src/main/java/org/apache/openjpa/kernel/exps/Floor.java,4
openjpa-kernel/src/main/java/org/apache/openjpa/event/FlushTransactionListener.java,0
openjpa-persistence-jdbc/src/main/java/org/apache/openjpa/persistence/jdbc/ForeignKey.java,0
openjpa-jdbc/src/main/java/org/apache/openjpa/jdbc/schema/ForeignKey.java,50
openjpa-persistence-jdbc/src/main/java/org/apache/openjpa/persistence/jdbc/ForeignKeyAction.java,0
openjpa-lib/src/main/java/org/apache/openjpa/lib/util/FormatPreservingProperties.java,21
openjpa-jdbc/src/main/java/org/apache/openjpa/jdbc/sql/FoxProDictionary.java,6
openjpa-persistence/src/main/java/org/apache/openjpa/persistence/criteria/FromImpl.java,4
openjpa-jdbc/src/main/java/org/apache/openjpa/jdbc/meta/strats/FullClassStrategy.java,1
openjpa-kernel/src/main/java/org/apache/openjpa/kernel/exps/GeneralCase.java,6
openjpa-jdbc/src/main/java/org/apache/openjpa/jdbc/kernel/exps/GeneralCaseExpression.java,5
openjpa-kernel/src/main/java/org/apache/openjpa/util/GeneralException.java,0
openjpa-kernel/src/main/java/org/apache/openjpa/util/GeneratedClasses.java,4
openjpa-persistence/src/main/java/org/apache/openjpa/persistence/Generator.java,2
openjpa-persistence/src/main/java/org/apache/openjpa/persistence/GeneratorImpl.java,4
openjpa-lib/src/main/java/org/apache/openjpa/lib/conf/GenericConfigurable.java,0
openjpa-jdbc/src/main/java/org/apache/openjpa/jdbc/kernel/GenericResultObjectProvider.java,6
openjpa-jdbc/src/main/java/org/apache/openjpa/jdbc/kernel/exps/GetColumn.java,0
openjpa-jdbc/src/main/java/org/apache/openjpa/jdbc/kernel/exps/GetMapValue.java,6
openjpa-kernel/src/main/java/org/apache/openjpa/kernel/exps/GetMapValue.java,3
openjpa-jdbc/src/main/java/org/apache/openjpa/jdbc/kernel/exps/GetObjectId.java,3
openjpa-kernel/src/main/java/org/apache/openjpa/kernel/exps/GetObjectId.java,2
openjpa-lib/src/main/java/org/apache/openjpa/lib/util/git/GitUtils.java,1
openjpa-lib/src/main/java/org/apache/openjpa/lib/graph/Graph.java,1
openjpa-lib/src/main/java/org/apache/openjpa/lib/graph/GraphVisitor.java,0
openjpa-persistence/src/main/java/org/apache/openjpa/persistence/query/GreaterEqualExpression.java,0
openjpa-kernel/src/main/java/org/apache/openjpa/kernel/exps/GreaterThanEqualExpression.java,0
openjpa-kernel/src/main/java/org/apache/openjpa/kernel/exps/GreaterThanExpression.java,0
openjpa-persistence/src/main/java/org/apache/openjpa/persistence/query/GreaterThanExpression.java,0
openjpa-jdbc/src/main/java/org/apache/openjpa/jdbc/sql/H2Dictionary.java,33
openjpa-jdbc/src/main/java/org/apache/openjpa/jdbc/meta/strats/HandlerCollectionTableFieldStrategy.java,7
openjpa-jdbc/src/main/java/org/apache/openjpa/jdbc/meta/strats/HandlerFieldStrategy.java,9
openjpa-jdbc/src/main/java/org/apache/openjpa/jdbc/meta/strats/HandlerHandlerMapTableFieldStrategy.java,8
openjpa-jdbc/src/main/java/org/apache/openjpa/jdbc/meta/strats/HandlerRelationMapTableFieldStrategy.java,10
openjpa-jdbc/src/main/java/org/apache/openjpa/jdbc/meta/strats/HandlerStrategies.java,5
openjpa-jdbc/src/main/java/org/apache/openjpa/jdbc/kernel/exps/HasContainsExpressionVisitor.java,1
openjpa-jdbc/src/main/java/org/apache/openjpa/jdbc/sql/HerdDBDictionary.java,0
openjpa-persistence/src/main/java/org/apache/openjpa/persistence/HintHandler.java,6
openjpa-persistence/src/main/java/org/apache/openjpa/persistence/HintValueConverter.java,2
openjpa-kernel/src/main/java/org/apache/openjpa/kernel/HollowState.java,0
openjpa-jdbc/src/main/java/org/apache/openjpa/jdbc/sql/HSQLDictionary.java,6
openjpa-kernel/src/main/java/org/apache/openjpa/util/Id.java,5
openjpa-lib/src/main/java/org/apache/openjpa/lib/identifier/Identifier.java,0
openjpa-lib/src/main/java/org/apache/openjpa/lib/identifier/IdentifierConfiguration.java,0
openjpa-lib/src/main/java/org/apache/openjpa/lib/identifier/IdentifierImpl.java,1
openjpa-lib/src/main/java/org/apache/openjpa/lib/identifier/IdentifierRule.java,19
openjpa-lib/src/main/java/org/apache/openjpa/lib/identifier/IdentifierUtil.java,0
openjpa-lib/src/main/java/org/apache/openjpa/lib/identifier/IdentifierUtilImpl.java,11
openjpa-jdbc/src/main/java/org/apache/openjpa/jdbc/meta/strats/IdentityJoinable.java,0
openjpa-jdbc/src/main/java/org/apache/openjpa/jdbc/meta/strats/ImmutableValueHandler.java,4
openjpa-kernel/src/main/java/org/apache/openjpa/util/ImplHelper.java,4
openjpa-persistence-jdbc/src/main/java/org/apache/openjpa/persistence/jdbc/Index.java,0
openjpa-jdbc/src/main/java/org/apache/openjpa/jdbc/kernel/exps/Index.java,0
openjpa-jdbc/src/main/java/org/apache/openjpa/jdbc/schema/Index.java,6
openjpa-kernel/src/main/java/org/apache/openjpa/kernel/exps/Index.java,0
openjpa-persistence/src/main/java/org/apache/openjpa/persistence/query/IndexExpression.java,0
openjpa-jdbc/src/main/java/org/apache/openjpa/jdbc/kernel/exps/IndexOf.java,4
openjpa-kernel/src/main/java/org/apache/openjpa/kernel/exps/IndexOf.java,3
openjpa-jdbc/src/main/java/org/apache/openjpa/jdbc/kernel/exps/InExpression.java,4
openjpa-persistence/src/main/java/org/apache/openjpa/persistence/query/InExpression.java,0
openjpa-jdbc/src/main/java/org/apache/openjpa/jdbc/sql/InformixDictionary.java,6
openjpa-jdbc/src/main/java/org/apache/openjpa/jdbc/sql/IngresDictionary.java,3
openjpa-kernel/src/main/java/org/apache/openjpa/meta/InheritanceComparator.java,1
openjpa-jdbc/src/main/java/org/apache/openjpa/jdbc/kernel/exps/InKeyExpression.java,0
openjpa-kernel/src/main/java/org/apache/openjpa/kernel/exps/InMemoryExpressionFactory.java,21
openjpa-kernel/src/main/java/org/apache/openjpa/meta/InMemoryRelatedFieldOrder.java,3
openjpa-kernel/src/main/java/org/apache/openjpa/kernel/InMemorySavepointManager.java,1
openjpa-kernel/src/main/java/org/apache/openjpa/meta/InMemoryValueOrder.java,3
openjpa-jdbc/src/main/java/org/apache/openjpa/jdbc/kernel/exps/InstanceofExpression.java,6
openjpa-kernel/src/main/java/org/apache/openjpa/kernel/exps/InstanceofExpression.java,2
openjpa-jdbc/src/main/java/org/apache/openjpa/jdbc/kernel/InstanceResultObjectProvider.java,2
openjpa-lib/src/main/java/org/apache/openjpa/lib/instrumentation/Instrument.java,0
openjpa-kernel/src/main/java/org/apache/openjpa/enhance/InstrumentationFactory.java,21
openjpa-lib/src/main/java/org/apache/openjpa/lib/instrumentation/InstrumentationLevel.java,0
openjpa-kernel/src/main/java/org/apache/openjpa/instrumentation/InstrumentationManager.java,0
openjpa-kernel/src/main/java/org/apache/openjpa/instrumentation/InstrumentationManagerImpl.java,4
openjpa-lib/src/main/java/org/apache/openjpa/lib/instrumentation/InstrumentationProvider.java,0
openjpa-jdbc/src/main/java/org/apache/openjpa/jdbc/kernel/exps/InSubQExpression.java,2
openjpa-jdbc/src/main/java/org/apache/openjpa/jdbc/sql/InterbaseDictionary.java,1
openjpa-kernel/src/main/java/org/apache/openjpa/meta/InterfaceImplGenerator.java,11
openjpa-kernel/src/main/java/org/apache/openjpa/util/InternalException.java,0
openjpa-kernel/src/main/java/org/apache/openjpa/util/IntId.java,2
openjpa-lib/src/main/java/org/apache/openjpa/lib/conf/IntValue.java,1
openjpa-kernel/src/main/java/org/apache/openjpa/util/InvalidStateException.java,1
openjpa-persistence/src/main/java/org/apache/openjpa/persistence/InvalidStateException.java,7
openjpa-jdbc/src/main/java/org/apache/openjpa/jdbc/meta/strats/InValueDiscriminatorStrategy.java,3
openjpa-jdbc/src/main/java/org/apache/openjpa/jdbc/kernel/exps/InValueExpression.java,0
openjpa-persistence/src/main/java/org/apache/openjpa/persistence/InverseLogical.java,0
openjpa-kernel/src/main/java/org/apache/openjpa/kernel/InverseManager.java,20
openjpa-kernel/src/main/java/org/apache/openjpa/ee/InvocationManagedRuntime.java,7
openjpa-jest/src/main/java/org/apache/openjpa/persistence/jest/IOR.java,1
openjpa-jdbc/src/main/java/org/apache/openjpa/jdbc/kernel/exps/IsEmptyExpression.java,1
openjpa-kernel/src/main/java/org/apache/openjpa/kernel/exps/IsEmptyExpression.java,1
openjpa-persistence/src/main/java/org/apache/openjpa/persistence/query/IsEmptyExpression.java,0
openjpa-jdbc/src/main/java/org/apache/openjpa/jdbc/kernel/exps/IsNotEmptyExpression.java,1
openjpa-persistence/src/main/java/org/apache/openjpa/persistence/query/IsNullExpression.java,0
openjpa-persistence-jdbc/src/main/java/org/apache/openjpa/persistence/jdbc/IsolationLevel.java,3
openjpa-lib/src/main/java/org/apache/openjpa/lib/util/collections/IterableMap.java,0
openjpa-lib/src/main/java/org/apache/openjpa/lib/util/collections/IterableSortedMap.java,0
openjpa-lib/src/main/java/org/apache/openjpa/lib/util/collections/IteratorChain.java,1
openjpa-lib/src/main/java/org/apache/openjpa/lib/util/J2DoPrivHelper.java,99
openjpa-lib/src/main/java/org/apache/openjpa/lib/meta/JarFileURLMetaDataIterator.java,9
openjpa-jdbc/src/main/java/org/apache/openjpa/jdbc/meta/JavaSQLTypes.java,2
openjpa-kernel/src/main/java/org/apache/openjpa/meta/JavaTypes.java,24
openjpa-lib/src/main/java/org/apache/openjpa/lib/util/JavaVendors.java,2
openjpa-lib/src/main/java/org/apache/openjpa/lib/util/JavaVersions.java,2
openjpa-jdbc/src/main/java/org/apache/openjpa/jdbc/sql/JDataStoreDictionary.java,1
openjpa-jdbc/src/main/java/org/apache/openjpa/jdbc/kernel/JDBC3SavepointManager.java,0
openjpa-jdbc/src/main/java/org/apache/openjpa/jdbc/kernel/exps/JDBCAggregateListener.java,0
openjpa-jdbc/src/main/java/org/apache/openjpa/jdbc/kernel/JDBCBrokerFactory.java,5
openjpa-jdbc/src/main/java/org/apache/openjpa/jdbc/meta/JDBCColumnOrder.java,4
openjpa-jdbc/src/main/java/org/apache/openjpa/jdbc/conf/JDBCConfiguration.java,0
openjpa-jdbc/src/main/java/org/apache/openjpa/jdbc/conf/JDBCConfigurationImpl.java,28
openjpa-lib/src/main/java/org/apache/openjpa/lib/jdbc/JDBCEvent.java,0
openjpa-lib/src/main/java/org/apache/openjpa/lib/jdbc/JDBCEventConnectionDecorator.java,10
openjpa-jdbc/src/main/java/org/apache/openjpa/jdbc/kernel/exps/JDBCExpressionFactory.java,24
openjpa-jdbc/src/main/java/org/apache/openjpa/jdbc/kernel/JDBCFetchConfiguration.java,0
openjpa-jdbc/src/main/java/org/apache/openjpa/jdbc/kernel/JDBCFetchConfigurationImpl.java,3
openjpa-persistence-jdbc/src/main/java/org/apache/openjpa/persistence/jdbc/JDBCFetchPlan.java,16
openjpa-persistence-jdbc/src/main/java/org/apache/openjpa/persistence/jdbc/JDBCFetchPlanImpl.java,3
openjpa-jdbc/src/main/java/org/apache/openjpa/jdbc/kernel/exps/JDBCFilterListener.java,0
openjpa-lib/src/main/java/org/apache/openjpa/lib/jdbc/JDBCListener.java,0
openjpa-jdbc/src/main/java/org/apache/openjpa/jdbc/kernel/JDBCLockManager.java,0
openjpa-jdbc/src/main/java/org/apache/openjpa/jdbc/meta/JDBCOrder.java,0
openjpa-jdbc/src/main/java/org/apache/openjpa/jdbc/kernel/exps/JDBCPath.java,0
openjpa-persistence-jdbc/src/main/java/org/apache/openjpa/persistence/jdbc/JDBCPersistenceProductDerivation.java,3
openjpa-jdbc/src/main/java/org/apache/openjpa/jdbc/conf/JDBCProductDerivation.java,0
openjpa-jdbc/src/main/java/org/apache/openjpa/jdbc/meta/JDBCRelatedFieldOrder.java,6
openjpa-jdbc/src/main/java/org/apache/openjpa/jdbc/kernel/JDBCSeq.java,0
openjpa-jdbc/src/main/java/org/apache/openjpa/jdbc/conf/JDBCSeqValue.java,2
openjpa-jdbc/src/main/java/org/apache/openjpa/jdbc/kernel/JDBCStore.java,0
openjpa-jdbc/src/main/java/org/apache/openjpa/jdbc/kernel/JDBCStoreManager.java,55
openjpa-jdbc/src/main/java/org/apache/openjpa/jdbc/kernel/JDBCStoreQuery.java,21
openjpa-jdbc/src/main/java/org/apache/openjpa/jdbc/kernel/exps/JDBCStringContains.java,1
openjpa-jdbc/src/main/java/org/apache/openjpa/jdbc/meta/JDBCValueOrder.java,2
openjpa-jdbc/src/main/java/org/apache/openjpa/jdbc/kernel/exps/JDBCWildcardMatch.java,1
openjpa-jest/src/main/java/org/apache/openjpa/persistence/jest/JESTCommand.java,3
openjpa-jest/src/main/java/org/apache/openjpa/persistence/jest/JESTContext.java,11
openjpa-jest/src/main/java/org/apache/openjpa/persistence/jest/JESTServlet.java,12
openjpa-kernel/src/main/java/org/apache/openjpa/event/JMSRemoteCommitProvider.java,13
openjpa-kernel/src/main/java/org/apache/openjpa/instrumentation/jmx/JMXInstrument.java,0
openjpa-kernel/src/main/java/org/apache/openjpa/instrumentation/jmx/JMXProvider.java,7
openjpa-kernel/src/main/java/org/apache/openjpa/ee/JNDIManagedRuntime.java,2
openjpa-jdbc/src/main/java/org/apache/openjpa/jdbc/sql/Join.java,13
openjpa-jdbc/src/main/java/org/apache/openjpa/jdbc/meta/Joinable.java,0
openjpa-persistence/src/main/java/org/apache/openjpa/persistence/query/JoinPath.java,0
openjpa-jdbc/src/main/java/org/apache/openjpa/jdbc/sql/Joins.java,2
openjpa-persistence/src/main/java/org/apache/openjpa/persistence/criteria/Joins.java,33
openjpa-jdbc/src/main/java/org/apache/openjpa/jdbc/sql/JoinSet.java,9
openjpa-persistence-jdbc/src/main/java/org/apache/openjpa/persistence/jdbc/JoinSyntax.java,0
openjpa-jdbc/src/main/java/org/apache/openjpa/jdbc/sql/JoinSyntaxes.java,1
openjpa-persistence/src/main/java/org/apache/openjpa/persistence/JPAFacadeHelper.java,5
openjpa-persistence/src/main/java/org/apache/openjpa/persistence/JPAProperties.java,4
openjpa-jest/src/main/java/org/apache/openjpa/persistence/jest/JPAServletContext.java,0
openjpa-kernel/src/main/java/org/apache/openjpa/kernel/jpql/JPQLExpressionBuilder.java,57
openjpa-persistence/src/main/java/org/apache/openjpa/persistence/query/JPQLHelper.java,1
openjpa-kernel/src/main/java/org/apache/openjpa/kernel/jpql/JPQLParser.java,1
openjpa-jest/src/main/java/org/apache/openjpa/persistence/jest/JSON.java,0
openjpa-jest/src/main/java/org/apache/openjpa/json/JSON.java,0
openjpa-jest/src/main/java/org/apache/openjpa/persistence/jest/JSONObject.java,9
openjpa-jest/src/main/java/org/apache/openjpa/json/JSONObject.java,9
openjpa-jest/src/main/java/org/apache/openjpa/persistence/jest/JSONObjectFormatter.java,8
openjpa-lib/src/main/java/org/apache/openjpa/lib/log/JULLogFactory.java,8
openjpa-persistence-jdbc/src/main/java/org/apache/openjpa/persistence/jdbc/KeyClassCriteria.java,0
openjpa-persistence-jdbc/src/main/java/org/apache/openjpa/persistence/jdbc/KeyColumn.java,0
openjpa-persistence-jdbc/src/main/java/org/apache/openjpa/persistence/jdbc/KeyColumns.java,0
openjpa-persistence/src/main/java/org/apache/openjpa/persistence/KeyDependent.java,0
openjpa-persistence-jdbc/src/main/java/org/apache/openjpa/persistence/jdbc/KeyEmbeddedMapping.java,0
openjpa-persistence/src/main/java/org/apache/openjpa/persistence/query/KeyExpression.java,1
openjpa-persistence-jdbc/src/main/java/org/apache/openjpa/persistence/jdbc/KeyForeignKey.java,0
openjpa-persistence-jdbc/src/main/java/org/apache/openjpa/persistence/jdbc/KeyIndex.java,0
openjpa-persistence-jdbc/src/main/java/org/apache/openjpa/persistence/jdbc/KeyJoinColumn.java,0
openjpa-persistence-jdbc/src/main/java/org/apache/openjpa/persistence/jdbc/KeyJoinColumns.java,0
openjpa-persistence-jdbc/src/main/java/org/apache/openjpa/persistence/jdbc/KeyNonpolymorphic.java,0
openjpa-persistence-jdbc/src/main/java/org/apache/openjpa/persistence/jdbc/KeyStrategy.java,0
openjpa-persistence/src/main/java/org/apache/openjpa/persistence/KeyType.java,0
openjpa-lib/src/main/java/org/apache/openjpa/lib/util/collections/KeyValue.java,0
openjpa-kubernetes/src/main/java/org/apache/openjpa/event/kubernetes/KubernetesTCPRemoteCommitProvider.java,2
openjpa-lib/src/main/java/org/apache/openjpa/lib/rop/LazyForwardResultList.java,7
openjpa-jdbc/src/main/java/org/apache/openjpa/jdbc/schema/LazySchemaFactory.java,15
openjpa-persistence/src/main/java/org/apache/openjpa/persistence/query/LengthExpression.java,0
openjpa-persistence/src/main/java/org/apache/openjpa/persistence/query/LessEqualExpression.java,0
openjpa-kernel/src/main/java/org/apache/openjpa/kernel/exps/LessThanEqualExpression.java,0
openjpa-kernel/src/main/java/org/apache/openjpa/kernel/exps/LessThanExpression.java,0
openjpa-persistence/src/main/java/org/apache/openjpa/persistence/query/LessThanExpression.java,0
openjpa-kernel/src/main/java/org/apache/openjpa/event/LifecycleCallbacks.java,1
openjpa-kernel/src/main/java/org/apache/openjpa/event/LifecycleEvent.java,4
openjpa-kernel/src/main/java/org/apache/openjpa/event/LifecycleEventManager.java,17
openjpa-kernel/src/main/java/org/apache/openjpa/event/LifecycleListener.java,0
openjpa-kernel/src/main/java/org/apache/openjpa/meta/LifecycleMetaData.java,14
openjpa-persistence/src/main/java/org/apache/openjpa/persistence/query/LikeExpression.java,3
openjpa-lib/src/main/java/org/apache/openjpa/lib/util/collections/LinkedMap.java,2
openjpa-lib/src/main/java/org/apache/openjpa/lib/util/collections/ListIteratorWrapper.java,0
openjpa-lib/src/main/java/org/apache/openjpa/lib/rop/ListResultList.java,3
openjpa-lib/src/main/java/org/apache/openjpa/lib/rop/ListResultObjectProvider.java,4
openjpa-jdbc/src/main/java/org/apache/openjpa/jdbc/kernel/exps/Lit.java,6
openjpa-kernel/src/main/java/org/apache/openjpa/kernel/exps/Lit.java,3
openjpa-kernel/src/main/java/org/apache/openjpa/kernel/exps/Literal.java,0
openjpa-persistence/src/main/java/org/apache/openjpa/persistence/query/LiteralExpression.java,0
openjpa-persistence/src/main/java/org/apache/openjpa/persistence/LoadFetchGroup.java,0
openjpa-kernel/src/main/java/org/apache/openjpa/event/LoadListener.java,0
openjpa-jdbc/src/main/java/org/apache/openjpa/jdbc/meta/strats/LobFieldStrategy.java,5
openjpa-jdbc/src/main/java/org/apache/openjpa/jdbc/schema/LocalConstraint.java,8
openjpa-lib/src/main/java/org/apache/openjpa/lib/util/Localizer.java,13
openjpa-kernel/src/main/java/org/apache/openjpa/kernel/LocalManagedRuntime.java,6
openjpa-persistence/src/main/java/org/apache/openjpa/persistence/query/LocateExpression.java,2
openjpa-lib/src/main/java/org/apache/openjpa/lib/xml/Location.java,3
openjpa-kernel/src/main/java/org/apache/openjpa/util/LockException.java,3
openjpa-kernel/src/main/java/org/apache/openjpa/kernel/LockLevels.java,1
openjpa-kernel/src/main/java/org/apache/openjpa/kernel/LockManager.java,0
openjpa-kernel/src/main/java/org/apache/openjpa/kernel/LockScopes.java,1
openjpa-persistence/src/main/java/org/apache/openjpa/persistence/LockScopesHelper.java,1
openjpa-persistence/src/main/java/org/apache/openjpa/persistence/LockTimeoutException.java,9
openjpa-lib/src/main/java/org/apache/openjpa/lib/log/Log.java,10
openjpa-lib/src/main/java/org/apache/openjpa/lib/log/Log4J2LogFactory.java,1
openjpa-lib/src/main/java/org/apache/openjpa/lib/log/Log4JLogFactory.java,2
openjpa-lib/src/main/java/org/apache/openjpa/lib/log/LogFactory.java,0
openjpa-lib/src/main/java/org/apache/openjpa/lib/log/LogFactoryAdapter.java,1
openjpa-lib/src/main/java/org/apache/openjpa/lib/log/LogFactoryImpl.java,23
openjpa-lib/src/main/java/org/apache/openjpa/lib/jdbc/LoggingConnectionDecorator.java,48
openjpa-persistence/src/main/java/org/apache/openjpa/persistence/query/LogicalPredicate.java,6
openjpa-jdbc/src/main/java/org/apache/openjpa/jdbc/sql/LogicalUnion.java,9
openjpa-kernel/src/main/java/org/apache/openjpa/event/LogOrphanedKeyAction.java,3
openjpa-lib/src/main/java/org/apache/openjpa/lib/log/LogOutputStream.java,4
openjpa-kernel/src/main/java/org/apache/openjpa/util/LongId.java,2
openjpa-persistence/src/main/java/org/apache/openjpa/persistence/query/LowerExpression.java,0
openjpa-persistence/src/main/java/org/apache/openjpa/persistence/LRS.java,0
openjpa-jdbc/src/main/java/org/apache/openjpa/jdbc/meta/strats/LRSCollectionFieldStrategy.java,0
openjpa-jdbc/src/main/java/org/apache/openjpa/jdbc/meta/strats/LRSMapFieldStrategy.java,0
openjpa-kernel/src/main/java/org/apache/openjpa/util/LRSProxy.java,0
openjpa-jdbc/src/main/java/org/apache/openjpa/jdbc/meta/strats/LRSProxyCollection.java,14
openjpa-jdbc/src/main/java/org/apache/openjpa/jdbc/meta/strats/LRSProxyMap.java,20
openjpa-persistence-jdbc/src/main/java/org/apache/openjpa/persistence/jdbc/LRSSizeAlgorithm.java,1
openjpa-jdbc/src/main/java/org/apache/openjpa/jdbc/kernel/LRSSizes.java,1
openjpa-lib/src/main/java/org/apache/openjpa/lib/util/LRUMap.java,4
openjpa-lib/src/main/java/org/apache/openjpa/lib/util/collections/LRUMap.java,3
openjpa-kernel/src/main/java/org/apache/openjpa/kernel/ManagedCache.java,13
openjpa-kernel/src/main/java/org/apache/openjpa/enhance/ManagedClassSubclasser.java,11
openjpa-kernel/src/main/java/org/apache/openjpa/enhance/ManagedInstanceProvider.java,0
openjpa-persistence/src/main/java/org/apache/openjpa/persistence/ManagedInterface.java,0
openjpa-kernel/src/main/java/org/apache/openjpa/ee/ManagedRuntime.java,5
openjpa-lib/src/main/java/org/apache/openjpa/lib/util/collections/MapBackedSet.java,2
openjpa-kernel/src/main/java/org/apache/openjpa/util/MapChangeTracker.java,0
openjpa-kernel/src/main/java/org/apache/openjpa/util/MapChangeTrackerImpl.java,2
openjpa-lib/src/main/java/org/apache/openjpa/lib/conf/MapConfigurationProvider.java,2
openjpa-jdbc/src/main/java/org/apache/openjpa/jdbc/kernel/exps/MapEntry.java,11
openjpa-lib/src/main/java/org/apache/openjpa/lib/util/collections/MapIterator.java,0
openjpa-jdbc/src/main/java/org/apache/openjpa/jdbc/kernel/exps/MapKey.java,8
openjpa-jdbc/src/main/java/org/apache/openjpa/jdbc/kernel/MappedQueryResultObjectProvider.java,10
openjpa-jdbc/src/main/java/org/apache/openjpa/jdbc/meta/MappingDefaults.java,20
openjpa-jdbc/src/main/java/org/apache/openjpa/jdbc/meta/MappingDefaultsImpl.java,62
openjpa-jdbc/src/main/java/org/apache/openjpa/jdbc/conf/MappingFactoryValue.java,4
openjpa-jdbc/src/main/java/org/apache/openjpa/jdbc/meta/MappingInfo.java,37
openjpa-persistence-jdbc/src/main/java/org/apache/openjpa/persistence/jdbc/MappingOverride.java,0
openjpa-persistence-jdbc/src/main/java/org/apache/openjpa/persistence/jdbc/MappingOverrides.java,0
openjpa-jdbc/src/main/java/org/apache/openjpa/jdbc/meta/MappingRepository.java,67
openjpa-jdbc/src/main/java/org/apache/openjpa/jdbc/conf/MappingRepositoryValue.java,3
openjpa-jdbc/src/main/java/org/apache/openjpa/jdbc/meta/MappingStrategyInstaller.java,0
openjpa-persistence-jdbc/src/main/java/org/apache/openjpa/persistence/jdbc/MappingTag.java,0
openjpa-jdbc/src/main/java/org/apache/openjpa/jdbc/meta/MappingTool.java,43
openjpa-jdbc/src/main/java/org/apache/openjpa/jdbc/ant/MappingToolTask.java,2
openjpa-jdbc/src/main/java/org/apache/openjpa/jdbc/meta/strats/MapTableFieldStrategy.java,6
openjpa-jdbc/src/main/java/org/apache/openjpa/jdbc/sql/MariaDBDictionary.java,22
openjpa-jdbc/src/main/java/org/apache/openjpa/jdbc/kernel/exps/MatchesExpression.java,6
openjpa-kernel/src/main/java/org/apache/openjpa/kernel/exps/MatchesExpression.java,3
openjpa-jdbc/src/main/java/org/apache/openjpa/jdbc/kernel/exps/Math.java,5
openjpa-kernel/src/main/java/org/apache/openjpa/kernel/exps/MathVal.java,3
openjpa-jdbc/src/main/java/org/apache/openjpa/jdbc/kernel/exps/Max.java,0
openjpa-kernel/src/main/java/org/apache/openjpa/kernel/exps/Max.java,0
openjpa-jdbc/src/main/java/org/apache/openjpa/jdbc/sql/MaxDBDictionary.java,0
openjpa-jdbc/src/main/java/org/apache/openjpa/jdbc/meta/strats/MaxEmbeddedBlobFieldStrategy.java,2
openjpa-jdbc/src/main/java/org/apache/openjpa/jdbc/meta/strats/MaxEmbeddedByteArrayFieldStrategy.java,1
openjpa-jdbc/src/main/java/org/apache/openjpa/jdbc/meta/strats/MaxEmbeddedCharArrayFieldStrategy.java,1
openjpa-jdbc/src/main/java/org/apache/openjpa/jdbc/meta/strats/MaxEmbeddedClobFieldStrategy.java,1
openjpa-jdbc/src/main/java/org/apache/openjpa/jdbc/meta/strats/MaxEmbeddedLobFieldStrategy.java,4
openjpa-persistence/src/main/java/org/apache/openjpa/persistence/query/MaxExpression.java,0
openjpa-persistence/src/main/java/org/apache/openjpa/persistence/query/MemberOfExpression.java,0
openjpa-persistence/src/main/java/org/apache/openjpa/persistence/meta/Members.java,7
openjpa-jdbc/src/main/java/org/apache/openjpa/jdbc/sql/MergedResult.java,10
openjpa-lib/src/main/java/org/apache/openjpa/lib/rop/MergedResultObjectProvider.java,10
openjpa-kernel/src/main/java/org/apache/openjpa/conf/MetaDataCacheMaintenance.java,3
openjpa-kernel/src/main/java/org/apache/openjpa/meta/MetaDataContext.java,0
openjpa-kernel/src/main/java/org/apache/openjpa/meta/MetaDataDefaults.java,0
openjpa-kernel/src/main/java/org/apache/openjpa/util/MetaDataException.java,1
openjpa-kernel/src/main/java/org/apache/openjpa/meta/MetaDataFactory.java,0
openjpa-lib/src/main/java/org/apache/openjpa/lib/meta/MetaDataFilter.java,0
openjpa-kernel/src/main/java/org/apache/openjpa/meta/MetaDataInheritanceComparator.java,0
openjpa-lib/src/main/java/org/apache/openjpa/lib/meta/MetaDataIterator.java,0
openjpa-lib/src/main/java/org/apache/openjpa/lib/meta/MetaDataIteratorChain.java,4
openjpa-kernel/src/main/java/org/apache/openjpa/meta/MetaDataModes.java,1
openjpa-lib/src/main/java/org/apache/openjpa/lib/meta/MetaDataParser.java,0
openjpa-persistence/src/main/java/org/apache/openjpa/persistence/MetaDataParsers.java,4
openjpa-jdbc/src/main/java/org/apache/openjpa/jdbc/meta/MetaDataPlusMappingFactory.java,1
openjpa-persistence/src/main/java/org/apache/openjpa/persistence/meta/MetadataProcessor.java,0
openjpa-kernel/src/main/java/org/apache/openjpa/meta/MetaDataRepository.java,83
openjpa-kernel/src/main/java/org/apache/openjpa/conf/MetaDataRepositoryValue.java,0
openjpa-lib/src/main/java/org/apache/openjpa/lib/meta/MetaDataSerializer.java,0
openjpa-persistence/src/main/java/org/apache/openjpa/persistence/MetaDataTag.java,0
openjpa-kernel/src/main/java/org/apache/openjpa/meta/MetaDataTool.java,15
openjpa-kernel/src/main/java/org/apache/openjpa/ant/MetaDataToolTask.java,2
openjpa-jest/src/main/java/org/apache/openjpa/persistence/jest/MetamodelHelper.java,3
openjpa-persistence/src/main/java/org/apache/openjpa/persistence/meta/MetamodelImpl.java,15
openjpa-kernel/src/main/java/org/apache/openjpa/event/MethodLifecycleCallbacks.java,6
openjpa-kernel/src/main/java/org/apache/openjpa/kernel/MethodStoreQuery.java,11
openjpa-jdbc/src/main/java/org/apache/openjpa/jdbc/kernel/exps/Min.java,0
openjpa-kernel/src/main/java/org/apache/openjpa/kernel/exps/Min.java,0
openjpa-persistence/src/main/java/org/apache/openjpa/persistence/query/MinExpression.java,0
openjpa-persistence/src/main/java/org/apache/openjpa/persistence/query/MinusExpression.java,0
openjpa-kernel/src/main/java/org/apache/openjpa/kernel/MixedLockLevels.java,0
openjpa-persistence/src/main/java/org/apache/openjpa/persistence/MixedLockLevelsHelper.java,0
openjpa-jdbc/src/main/java/org/apache/openjpa/jdbc/kernel/MixedLockManager.java,3
openjpa-kernel/src/main/java/org/apache/openjpa/kernel/exps/Mod.java,0
openjpa-persistence/src/main/java/org/apache/openjpa/persistence/query/ModExpression.java,0
openjpa-lib/src/main/java/org/apache/openjpa/lib/util/MultiClassLoader.java,12
openjpa-jdbc/src/main/java/org/apache/openjpa/jdbc/meta/strats/MultiColumnVersionStrategy.java,3
openjpa-kernel/src/main/java/org/apache/openjpa/util/MultiLoaderClassResolver.java,3
openjpa-lib/src/main/java/org/apache/openjpa/lib/log/MultiLogFactory.java,2
openjpa-kernel/src/main/java/org/apache/openjpa/kernel/exps/Multiply.java,0
openjpa-kernel/src/main/java/org/apache/openjpa/meta/MultiQueryMetaData.java,4
openjpa-jdbc/src/main/java/org/apache/openjpa/jdbc/sql/MySQLDictionary.java,23
openjpa-jdbc/src/main/java/org/apache/openjpa/jdbc/schema/NameSet.java,7
openjpa-jdbc/src/main/java/org/apache/openjpa/jdbc/meta/strats/NanoPrecisionTimestampVersionStrategy.java,0
openjpa-jdbc/src/main/java/org/apache/openjpa/jdbc/kernel/NativeJDBCSeq.java,25
openjpa-jdbc/src/main/java/org/apache/openjpa/jdbc/kernel/exps/NaturalLogarithm.java,0
openjpa-kernel/src/main/java/org/apache/openjpa/kernel/exps/NaturalLogarithm.java,0
openjpa-persistence/src/main/java/org/apache/openjpa/persistence/query/NavigationPath.java,0
openjpa-persistence/src/main/java/org/apache/openjpa/persistence/query/NewInstance.java,4
openjpa-lib/src/main/java/org/apache/openjpa/lib/graph/NodeInfo.java,0
openjpa-jdbc/src/main/java/org/apache/openjpa/jdbc/meta/strats/NoneClassStrategy.java,1
openjpa-jdbc/src/main/java/org/apache/openjpa/jdbc/meta/strats/NoneDiscriminatorStrategy.java,0
openjpa-jdbc/src/main/java/org/apache/openjpa/jdbc/meta/strats/NoneFieldStrategy.java,1
openjpa-kernel/src/main/java/org/apache/openjpa/kernel/NoneLockManager.java,0
openjpa-lib/src/main/java/org/apache/openjpa/lib/log/NoneLogFactory.java,10
openjpa-jdbc/src/main/java/org/apache/openjpa/jdbc/meta/NoneMappingDefaults.java,18
openjpa-kernel/src/main/java/org/apache/openjpa/meta/NoneMetaDataFactory.java,15
openjpa-kernel/src/main/java/org/apache/openjpa/event/NoneOrphanedKeyAction.java,0
openjpa-jdbc/src/main/java/org/apache/openjpa/jdbc/meta/NoneStrategyInstaller.java,0
openjpa-jdbc/src/main/java/org/apache/openjpa/jdbc/meta/strats/NoneVersionStrategy.java,1
openjpa-kernel/src/main/java/org/apache/openjpa/meta/NonPersistentMetaData.java,10
openjpa-persistence-jdbc/src/main/java/org/apache/openjpa/persistence/jdbc/Nonpolymorphic.java,0
openjpa-persistence-jdbc/src/main/java/org/apache/openjpa/persistence/jdbc/NonpolymorphicType.java,0
openjpa-kernel/src/main/java/org/apache/openjpa/util/NonUniqueResultException.java,1
openjpa-persistence/src/main/java/org/apache/openjpa/persistence/NonUniqueResultException.java,9
openjpa-kernel/src/main/java/org/apache/openjpa/conf/NoOpCacheMarshaller.java,2
openjpa-kernel/src/main/java/org/apache/openjpa/util/NoResultException.java,1
openjpa-persistence/src/main/java/org/apache/openjpa/persistence/NoResultException.java,9
openjpa-jdbc/src/main/java/org/apache/openjpa/jdbc/identifier/Normalizer.java,2
openjpa-jdbc/src/main/java/org/apache/openjpa/jdbc/kernel/exps/NotContainsExpression.java,1
openjpa-jdbc/src/main/java/org/apache/openjpa/jdbc/kernel/exps/NotEqualExpression.java,1
openjpa-kernel/src/main/java/org/apache/openjpa/kernel/exps/NotEqualExpression.java,0
openjpa-persistence/src/main/java/org/apache/openjpa/persistence/query/NotEqualExpression.java,0
openjpa-jdbc/src/main/java/org/apache/openjpa/jdbc/kernel/exps/NotEqualTypeExpression.java,4
openjpa-jdbc/src/main/java/org/apache/openjpa/jdbc/kernel/exps/NotExpression.java,1
openjpa-kernel/src/main/java/org/apache/openjpa/kernel/exps/NotExpression.java,1
openjpa-kernel/src/main/java/org/apache/openjpa/util/NoTransactionException.java,1
openjpa-jdbc/src/main/java/org/apache/openjpa/jdbc/kernel/exps/Null.java,2
openjpa-kernel/src/main/java/org/apache/openjpa/kernel/exps/Null.java,1
openjpa-jdbc/src/main/java/org/apache/openjpa/jdbc/kernel/exps/NullableAggregateUnaryOp.java,2
openjpa-kernel/src/main/java/org/apache/openjpa/kernel/exps/NullIf.java,3
openjpa-jdbc/src/main/java/org/apache/openjpa/jdbc/kernel/exps/NullIfExpression.java,5
openjpa-jdbc/src/main/java/org/apache/openjpa/jdbc/meta/strats/NumberVersionStrategy.java,2
openjpa-xmlstore/src/main/java/org/apache/openjpa/xmlstore/ObjectData.java,10
openjpa-kernel/src/main/java/org/apache/openjpa/util/ObjectExistsException.java,1
openjpa-kernel/src/main/java/org/apache/openjpa/kernel/ObjectFactory.java,0
openjpa-jest/src/main/java/org/apache/openjpa/persistence/jest/ObjectFormatter.java,3
openjpa-kernel/src/main/java/org/apache/openjpa/util/ObjectId.java,4
openjpa-jdbc/src/main/java/org/apache/openjpa/jdbc/meta/strats/ObjectIdClassStrategy.java,0
openjpa-kernel/src/main/java/org/apache/openjpa/kernel/ObjectIdStateManager.java,7
openjpa-jdbc/src/main/java/org/apache/openjpa/jdbc/meta/strats/ObjectIdValueHandler.java,8
openjpa-kernel/src/main/java/org/apache/openjpa/util/ObjectNotFoundException.java,1
openjpa-lib/src/main/java/org/apache/openjpa/lib/conf/ObjectValue.java,5
openjpa-kernel/src/main/java/org/apache/openjpa/kernel/OpCallbacks.java,0
openjpa-kernel/src/main/java/org/apache/openjpa/conf/OpenJPAConfiguration.java,0
openjpa-kernel/src/main/java/org/apache/openjpa/conf/OpenJPAConfigurationImpl.java,107
openjpa-persistence/src/main/java/org/apache/openjpa/persistence/criteria/OpenJPACriteriaBuilder.java,0
openjpa-persistence/src/main/java/org/apache/openjpa/persistence/criteria/OpenJPACriteriaQuery.java,0
openjpa-junit5/src/main/java/org/apache/openjpa/junit5/internal/OpenJPADirectoriesEnhancer.java,14
openjpa-persistence/src/main/java/org/apache/openjpa/persistence/OpenJPAEntityManager.java,57
openjpa-persistence/src/main/java/org/apache/openjpa/persistence/OpenJPAEntityManagerFactory.java,13
openjpa-persistence/src/main/java/org/apache/openjpa/persistence/OpenJPAEntityManagerFactorySPI.java,0
openjpa-persistence/src/main/java/org/apache/openjpa/persistence/OpenJPAEntityManagerSPI.java,0
openjpa-persistence/src/main/java/org/apache/openjpa/persistence/OpenJPAEntityTransaction.java,0
openjpa-persistence/src/main/java/org/apache/openjpa/persistence/OpenJPAEnum.java,1
openjpa-kernel/src/main/java/org/apache/openjpa/util/OpenJPAException.java,14
openjpa-junit5/src/main/java/org/apache/openjpa/junit5/internal/OpenJPAExtension.java,0
openjpa-kernel/src/main/java/org/apache/openjpa/util/OpenJPAId.java,1
openjpa-persistence/src/main/java/org/apache/openjpa/persistence/OpenJPAPersistence.java,16
openjpa-persistence/src/main/java/org/apache/openjpa/persistence/OpenJPAPersistenceUtil.java,15
openjpa-kernel/src/main/java/org/apache/openjpa/conf/OpenJPAProductDerivation.java,0
openjpa-persistence/src/main/java/org/apache/openjpa/persistence/OpenJPAQuery.java,15
openjpa-persistence/src/main/java/org/apache/openjpa/persistence/query/OpenJPAQueryBuilder.java,0
openjpa-persistence/src/main/java/org/apache/openjpa/persistence/OpenJPAQuerySPI.java,0
openjpa-kernel/src/main/java/org/apache/openjpa/kernel/OpenJPASavepoint.java,5
openjpa-kernel/src/main/java/org/apache/openjpa/kernel/OpenJPAStateManager.java,0
openjpa-junit5/src/main/java/org/apache/openjpa/junit5/OpenJPASupport.java,0
openjpa-kernel/src/main/java/org/apache/openjpa/conf/OpenJPAVersion.java,5
openjpa-kernel/src/main/java/org/apache/openjpa/conf/OpenJPAVersionAndConfigurationTypeValidationPolicy.java,2
openjpa-jdbc/src/main/java/org/apache/openjpa/jdbc/kernel/OperationOrderUpdateManager.java,2
openjpa-persistence/src/main/java/org/apache/openjpa/persistence/query/OperatorPath.java,0
openjpa-kernel/src/main/java/org/apache/openjpa/util/OptimisticException.java,1
openjpa-persistence/src/main/java/org/apache/openjpa/persistence/OptimisticLockException.java,9
openjpa-lib/src/main/java/org/apache/openjpa/lib/util/Options.java,20
openjpa-jdbc/src/main/java/org/apache/openjpa/jdbc/sql/OracleDictionary.java,73
openjpa-kernel/src/main/java/org/apache/openjpa/meta/Order.java,0
openjpa-persistence/src/main/java/org/apache/openjpa/persistence/query/OrderableItem.java,3
openjpa-persistence/src/main/java/org/apache/openjpa/persistence/query/OrderBy.java,0
openjpa-persistence/src/main/java/org/apache/openjpa/persistence/query/OrderByItem.java,0
openjpa-persistence-jdbc/src/main/java/org/apache/openjpa/persistence/jdbc/OrderColumn.java,0
openjpa-lib/src/main/java/org/apache/openjpa/lib/util/collections/OrderedBidiMap.java,0
openjpa-lib/src/main/java/org/apache/openjpa/lib/util/collections/OrderedIterator.java,0
openjpa-lib/src/main/java/org/apache/openjpa/lib/util/OrderedMap.java,2
openjpa-lib/src/main/java/org/apache/openjpa/lib/util/collections/OrderedMap.java,0
openjpa-lib/src/main/java/org/apache/openjpa/lib/util/collections/OrderedMapIterator.java,0
openjpa-persistence/src/main/java/org/apache/openjpa/persistence/criteria/OrderImpl.java,1
openjpa-kernel/src/main/java/org/apache/openjpa/kernel/OrderingMergedResultObjectProvider.java,6
openjpa-jdbc/src/main/java/org/apache/openjpa/jdbc/kernel/exps/OrExpression.java,3
openjpa-kernel/src/main/java/org/apache/openjpa/kernel/exps/OrExpression.java,2
openjpa-kernel/src/main/java/org/apache/openjpa/event/OrphanedKeyAction.java,0
openjpa-persistence/src/main/java/org/apache/openjpa/persistence/query/OrPredicate.java,0
openjpa-kernel/src/main/java/org/apache/openjpa/ee/OSGiManagedRuntime.java,2
openjpa-lib/src/main/java/org/apache/openjpa/lib/util/collections/package-info.java,1
openjpa-jdbc/src/main/java/org/apache/openjpa/jdbc/kernel/PagingResultObjectProvider.java,11
openjpa-jdbc/src/main/java/org/apache/openjpa/jdbc/kernel/exps/Param.java,7
openjpa-kernel/src/main/java/org/apache/openjpa/kernel/exps/Param.java,4
openjpa-kernel/src/main/java/org/apache/openjpa/kernel/exps/Parameter.java,0
openjpa-persistence/src/main/java/org/apache/openjpa/persistence/query/ParameterExpression.java,1
openjpa-persistence/src/main/java/org/apache/openjpa/persistence/criteria/ParameterExpressionImpl.java,2
openjpa-persistence/src/main/java/org/apache/openjpa/persistence/ParameterImpl.java,3
openjpa-lib/src/main/java/org/apache/openjpa/lib/util/ParameterTemplate.java,8
openjpa-lib/src/main/java/org/apache/openjpa/lib/util/ParseException.java,0
openjpa-kernel/src/main/java/org/apache/openjpa/datacache/PartitionedDataCache.java,10
openjpa-kernel/src/main/java/org/apache/openjpa/kernel/exps/Path.java,0
openjpa-persistence/src/main/java/org/apache/openjpa/persistence/query/PathExpression.java,0
openjpa-persistence/src/main/java/org/apache/openjpa/persistence/criteria/PathImpl.java,22
openjpa-persistence/src/main/java/org/apache/openjpa/persistence/query/PathOperator.java,1
openjpa-kernel/src/main/java/org/apache/openjpa/enhance/PCClassFileTransformer.java,18
openjpa-kernel/src/main/java/org/apache/openjpa/kernel/PCData.java,0
openjpa-kernel/src/main/java/org/apache/openjpa/enhance/PCDataGenerator.java,68
openjpa-kernel/src/main/java/org/apache/openjpa/kernel/PCDataImpl.java,15
openjpa-kernel/src/main/java/org/apache/openjpa/enhance/PCEnhancer.java,217
openjpa-kernel/src/main/java/org/apache/openjpa/enhance/PCEnhancerAgent.java,5
openjpa-kernel/src/main/java/org/apache/openjpa/ant/PCEnhancerTask.java,0
openjpa-kernel/src/main/java/org/apache/openjpa/kernel/PCleanState.java,0
openjpa-jdbc/src/main/java/org/apache/openjpa/jdbc/kernel/exps/PCPath.java,30
openjpa-kernel/src/main/java/org/apache/openjpa/enhance/PCRegistry.java,1
openjpa-kernel/src/main/java/org/apache/openjpa/kernel/PCResultObjectProvider.java,1
openjpa-kernel/src/main/java/org/apache/openjpa/kernel/PCState.java,24
openjpa-kernel/src/main/java/org/apache/openjpa/enhance/PCSubclassValidator.java,1
openjpa-kernel/src/main/java/org/apache/openjpa/kernel/PDeletedFlushedState.java,0
openjpa-kernel/src/main/java/org/apache/openjpa/kernel/PDeletedState.java,1
openjpa-kernel/src/main/java/org/apache/openjpa/kernel/PDirtyState.java,0
openjpa-persistence/src/main/java/org/apache/openjpa/persistence/osgi/PersistenceActivator.java,4
openjpa-kernel/src/main/java/org/apache/openjpa/enhance/PersistenceCapable.java,0
openjpa-persistence/src/main/java/org/apache/openjpa/persistence/PersistenceException.java,8
openjpa-persistence/src/main/java/org/apache/openjpa/persistence/PersistenceExceptions.java,1
openjpa-persistence/src/main/java/org/apache/openjpa/persistence/PersistenceListenerAdapter.java,4
openjpa-persistence-jdbc/src/main/java/org/apache/openjpa/persistence/jdbc/PersistenceMappingDefaults.java,4
openjpa-persistence-jdbc/src/main/java/org/apache/openjpa/persistence/jdbc/PersistenceMappingFactory.java,0
openjpa-persistence/src/main/java/org/apache/openjpa/persistence/PersistenceMetaDataDefaults.java,40
openjpa-persistence/src/main/java/org/apache/openjpa/persistence/PersistenceMetaDataFactory.java,40
openjpa-persistence/src/main/java/org/apache/openjpa/persistence/PersistenceProductDerivation.java,44
openjpa-persistence/src/main/java/org/apache/openjpa/persistence/PersistenceProviderImpl.java,12
openjpa-persistence/src/main/java/org/apache/openjpa/persistence/PersistenceStrategy.java,0
openjpa-persistence/src/main/java/org/apache/openjpa/persistence/PersistenceUnitInfoImpl.java,32
openjpa-persistence/src/main/java/org/apache/openjpa/persistence/Persistent.java,0
openjpa-persistence/src/main/java/org/apache/openjpa/persistence/PersistentCollection.java,0
openjpa-persistence/src/main/java/org/apache/openjpa/persistence/PersistentMap.java,0
openjpa-kernel/src/main/java/org/apache/openjpa/event/PersistListener.java,0
openjpa-persistence/src/main/java/org/apache/openjpa/persistence/PessimisticLockException.java,9
openjpa-jdbc/src/main/java/org/apache/openjpa/jdbc/kernel/PessimisticLockManager.java,8
openjpa-lib/src/main/java/org/apache/openjpa/lib/conf/PluginListValue.java,3
openjpa-lib/src/main/java/org/apache/openjpa/lib/conf/PluginValue.java,4
openjpa-persistence/src/main/java/org/apache/openjpa/persistence/query/PlusExpression.java,0
openjpa-kernel/src/main/java/org/apache/openjpa/kernel/PNewDeletedState.java,1
openjpa-kernel/src/main/java/org/apache/openjpa/kernel/PNewFlushedDeletedFlushedState.java,1
openjpa-kernel/src/main/java/org/apache/openjpa/kernel/PNewFlushedDeletedState.java,1
openjpa-kernel/src/main/java/org/apache/openjpa/kernel/PNewProvisionalState.java,0
openjpa-kernel/src/main/java/org/apache/openjpa/kernel/PNewState.java,0
openjpa-kernel/src/main/java/org/apache/openjpa/kernel/PNonTransDeletedState.java,1
openjpa-kernel/src/main/java/org/apache/openjpa/kernel/PNonTransDirtyState.java,0
openjpa-kernel/src/main/java/org/apache/openjpa/kernel/PNonTransNewState.java,0
openjpa-kernel/src/main/java/org/apache/openjpa/kernel/PNonTransState.java,0
openjpa-jdbc/src/main/java/org/apache/openjpa/jdbc/sql/PointbaseDictionary.java,2
openjpa-kernel/src/main/java/org/apache/openjpa/event/PostDeleteListener.java,0
openjpa-jdbc/src/main/java/org/apache/openjpa/jdbc/sql/PostgresDictionary.java,42
openjpa-kernel/src/main/java/org/apache/openjpa/event/PostPersistListener.java,0
openjpa-kernel/src/main/java/org/apache/openjpa/kernel/exps/Power.java,0
openjpa-persistence/src/main/java/org/apache/openjpa/persistence/query/Predicate.java,0
openjpa-persistence/src/main/java/org/apache/openjpa/persistence/criteria/PredicateImpl.java,7
openjpa-persistence/src/main/java/org/apache/openjpa/persistence/query/PredicateOperand.java,1
openjpa-jdbc/src/main/java/org/apache/openjpa/jdbc/kernel/PreparedProjectionResultObjectProvider.java,0
openjpa-kernel/src/main/java/org/apache/openjpa/kernel/PreparedQuery.java,0
openjpa-kernel/src/main/java/org/apache/openjpa/kernel/PreparedQueryCache.java,0
openjpa-jdbc/src/main/java/org/apache/openjpa/jdbc/kernel/PreparedQueryCacheImpl.java,16
openjpa-kernel/src/main/java/org/apache/openjpa/instrumentation/PreparedQueryCacheInstrument.java,1
openjpa-kernel/src/main/java/org/apache/openjpa/instrumentation/jmx/PreparedQueryCacheJMXInstrument.java,2
openjpa-kernel/src/main/java/org/apache/openjpa/instrumentation/jmx/PreparedQueryCacheJMXInstrumentMBean.java,0
openjpa-jdbc/src/main/java/org/apache/openjpa/jdbc/kernel/PreparedQueryImpl.java,15
openjpa-jdbc/src/main/java/org/apache/openjpa/jdbc/kernel/PreparedResultObjectProvider.java,0
openjpa-jdbc/src/main/java/org/apache/openjpa/jdbc/kernel/PreparedSQLStoreQuery.java,6
openjpa-jdbc/src/main/java/org/apache/openjpa/jdbc/kernel/PreparedStatementManager.java,0
openjpa-jdbc/src/main/java/org/apache/openjpa/jdbc/kernel/PreparedStatementManagerImpl.java,16
openjpa-jdbc/src/main/java/org/apache/openjpa/jdbc/schema/PrimaryKey.java,4
openjpa-jdbc/src/main/java/org/apache/openjpa/jdbc/sql/PrimaryRow.java,18
openjpa-jdbc/src/main/java/org/apache/openjpa/jdbc/meta/strats/PrimitiveFieldStrategy.java,4
openjpa-jdbc/src/main/java/org/apache/openjpa/jdbc/meta/strats/PrimitiveWrapperArrays.java,1
openjpa-jest/src/main/java/org/apache/openjpa/persistence/jest/ProcessingException.java,4
openjpa-lib/src/main/java/org/apache/openjpa/lib/conf/ProductDerivation.java,8
openjpa-slice/src/main/java/org/apache/openjpa/slice/ProductDerivation.java,0
openjpa-lib/src/main/java/org/apache/openjpa/lib/conf/ProductDerivations.java,26
openjpa-jdbc/src/main/java/org/apache/openjpa/jdbc/kernel/ProjectionResultObjectProvider.java,3
openjpa-jest/src/main/java/org/apache/openjpa/persistence/jest/PropertiesCommand.java,0
openjpa-jest/src/main/java/org/apache/openjpa/persistence/jest/PropertiesFormatter.java,2
openjpa-jdbc/src/main/java/org/apache/openjpa/jdbc/meta/PropertiesReverseCustomizer.java,2
openjpa-jest/src/main/java/org/apache/openjpa/persistence/jest/PrototypeFactory.java,6
openjpa-kernel/src/main/java/org/apache/openjpa/util/Proxies.java,5
openjpa-kernel/src/main/java/org/apache/openjpa/util/Proxy.java,0
openjpa-kernel/src/main/java/org/apache/openjpa/util/proxy/ProxyBean.java,0
openjpa-kernel/src/main/java/org/apache/openjpa/util/proxy/ProxyCalendar.java,0
openjpa-kernel/src/main/java/org/apache/openjpa/util/proxy/ProxyCollection.java,0
openjpa-kernel/src/main/java/org/apache/openjpa/util/proxy/ProxyCollections.java,16
openjpa-kernel/src/main/java/org/apache/openjpa/util/proxy/ProxyDate.java,0
openjpa-kernel/src/main/java/org/apache/openjpa/util/ProxyManager.java,1
openjpa-kernel/src/main/java/org/apache/openjpa/util/ProxyManagerImpl.java,66
openjpa-kernel/src/main/java/org/apache/openjpa/util/proxy/ProxyMap.java,0
openjpa-kernel/src/main/java/org/apache/openjpa/util/proxy/ProxyMaps.java,13
openjpa-kernel/src/main/java/org/apache/openjpa/meta/ProxySetupStateManager.java,5
openjpa-jdbc/src/main/java/org/apache/openjpa/jdbc/identifier/QualifiedDBIdentifier.java,10
openjpa-kernel/src/main/java/org/apache/openjpa/kernel/Query.java,0
openjpa-persistence/src/main/java/org/apache/openjpa/persistence/query/QueryBuilder.java,0
openjpa-persistence/src/main/java/org/apache/openjpa/persistence/query/QueryBuilderImpl.java,1
openjpa-kernel/src/main/java/org/apache/openjpa/datacache/QueryCache.java,0
openjpa-kernel/src/main/java/org/apache/openjpa/instrumentation/QueryCacheInstrument.java,1
openjpa-kernel/src/main/java/org/apache/openjpa/instrumentation/jmx/QueryCacheJMXInstrument.java,2
openjpa-kernel/src/main/java/org/apache/openjpa/instrumentation/jmx/QueryCacheJMXInstrumentMBean.java,0
openjpa-kernel/src/main/java/org/apache/openjpa/datacache/QueryCacheStoreQuery.java,38
openjpa-jest/src/main/java/org/apache/openjpa/persistence/jest/QueryCommand.java,0
openjpa-kernel/src/main/java/org/apache/openjpa/conf/QueryCompilationCacheValue.java,1
openjpa-kernel/src/main/java/org/apache/openjpa/kernel/QueryContext.java,4
openjpa-persistence/src/main/java/org/apache/openjpa/persistence/query/QueryDefinition.java,1
openjpa-persistence/src/main/java/org/apache/openjpa/persistence/query/QueryDefinitionImpl.java,19
openjpa-kernel/src/main/java/org/apache/openjpa/util/QueryException.java,2
openjpa-persistence/src/main/java/org/apache/openjpa/persistence/query/QueryExpression.java,1
openjpa-kernel/src/main/java/org/apache/openjpa/kernel/exps/QueryExpressions.java,10
openjpa-jdbc/src/main/java/org/apache/openjpa/jdbc/kernel/exps/QueryExpressionsState.java,0
openjpa-kernel/src/main/java/org/apache/openjpa/kernel/QueryFlushModes.java,1
openjpa-kernel/src/main/java/org/apache/openjpa/kernel/QueryHints.java,1
openjpa-kernel/src/main/java/org/apache/openjpa/kernel/QueryImpl.java,67
openjpa-persistence/src/main/java/org/apache/openjpa/persistence/QueryImpl.java,18
openjpa-kernel/src/main/java/org/apache/openjpa/datacache/QueryKey.java,21
openjpa-kernel/src/main/java/org/apache/openjpa/kernel/QueryLanguages.java,3
openjpa-kernel/src/main/java/org/apache/openjpa/meta/QueryMetaData.java,25
openjpa-kernel/src/main/java/org/apache/openjpa/kernel/QueryOperations.java,1
openjpa-persistence/src/main/java/org/apache/openjpa/persistence/QueryOperationType.java,0
openjpa-kernel/src/main/java/org/apache/openjpa/datacache/QueryResult.java,3
openjpa-persistence/src/main/java/org/apache/openjpa/persistence/QueryResultCache.java,2
openjpa-persistence/src/main/java/org/apache/openjpa/persistence/QueryResultCacheImpl.java,1
openjpa-kernel/src/main/java/org/apache/openjpa/kernel/QueryResultCallback.java,0
openjpa-jdbc/src/main/java/org/apache/openjpa/jdbc/meta/QueryResultMapping.java,28
openjpa-kernel/src/main/java/org/apache/openjpa/kernel/QueryStatistics.java,8
openjpa-slice/src/main/java/org/apache/openjpa/slice/QueryTargetPolicy.java,0
openjpa-persistence/src/main/java/org/apache/openjpa/persistence/QueryTimeoutException.java,9
openjpa-lib/src/main/java/org/apache/openjpa/lib/rop/RandomAccessResultList.java,11
openjpa-persistence/src/main/java/org/apache/openjpa/persistence/query/RangeExpression.java,0
openjpa-lib/src/main/java/org/apache/openjpa/lib/rop/RangeResultObjectProvider.java,4
openjpa-jdbc/src/main/java/org/apache/openjpa/jdbc/sql/Raw.java,0
openjpa-persistence/src/main/java/org/apache/openjpa/persistence/ReadOnly.java,0
openjpa-kernel/src/main/java/org/apache/openjpa/util/asm/RedefinedAttribute.java,0
openjpa-kernel/src/main/java/org/apache/openjpa/enhance/RedefinitionHelper.java,3
openjpa-slice/src/main/java/org/apache/openjpa/slice/ReentrantSliceLock.java,0
openjpa-jdbc/src/main/java/org/apache/openjpa/jdbc/schema/ReferenceCounter.java,1
openjpa-lib/src/main/java/org/apache/openjpa/lib/util/ReferenceHashMap.java,6
openjpa-lib/src/main/java/org/apache/openjpa/lib/util/ReferenceHashSet.java,2
openjpa-lib/src/main/java/org/apache/openjpa/lib/util/collections/ReferenceIdentityMap.java,0
openjpa-lib/src/main/java/org/apache/openjpa/lib/util/ReferenceMap.java,0
openjpa-lib/src/main/java/org/apache/openjpa/lib/util/collections/ReferenceMap.java,0
openjpa-kernel/src/main/java/org/apache/openjpa/util/ReferentialIntegrityException.java,3
openjpa-lib/src/main/java/org/apache/openjpa/lib/util/Reflectable.java,0
openjpa-kernel/src/main/java/org/apache/openjpa/enhance/ReflectingPersistenceCapable.java,3
openjpa-kernel/src/main/java/org/apache/openjpa/enhance/Reflection.java,55
openjpa-jdbc/src/main/java/org/apache/openjpa/jdbc/meta/RefreshStrategyInstaller.java,1
openjpa-kernel/src/main/java/org/apache/openjpa/ee/RegistryManagedRuntime.java,4
openjpa-jdbc/src/main/java/org/apache/openjpa/jdbc/meta/strats/RelationCollectionInverseKeyFieldStrategy.java,1
openjpa-jdbc/src/main/java/org/apache/openjpa/jdbc/meta/strats/RelationCollectionTableFieldStrategy.java,1
openjpa-jdbc/src/main/java/org/apache/openjpa/jdbc/meta/strats/RelationFieldStrategy.java,19
openjpa-jdbc/src/main/java/org/apache/openjpa/jdbc/meta/strats/RelationHandlerMapTableFieldStrategy.java,5
openjpa-jdbc/src/main/java/org/apache/openjpa/jdbc/meta/RelationId.java,0
openjpa-jdbc/src/main/java/org/apache/openjpa/jdbc/meta/strats/RelationMapInverseKeyFieldStrategy.java,3
openjpa-jdbc/src/main/java/org/apache/openjpa/jdbc/meta/strats/RelationMapTableFieldStrategy.java,3
openjpa-jdbc/src/main/java/org/apache/openjpa/jdbc/meta/strats/RelationRelationMapTableFieldStrategy.java,11
openjpa-jdbc/src/main/java/org/apache/openjpa/jdbc/meta/strats/RelationStrategies.java,1
openjpa-jdbc/src/main/java/org/apache/openjpa/jdbc/meta/strats/RelationToManyInverseKeyFieldStrategy.java,7
openjpa-jdbc/src/main/java/org/apache/openjpa/jdbc/meta/strats/RelationToManyTableFieldStrategy.java,6
openjpa-kernel/src/main/java/org/apache/openjpa/event/RemoteCommitEvent.java,16
openjpa-kernel/src/main/java/org/apache/openjpa/event/RemoteCommitEventManager.java,11
openjpa-kernel/src/main/java/org/apache/openjpa/event/RemoteCommitListener.java,0
openjpa-kernel/src/main/java/org/apache/openjpa/event/RemoteCommitProvider.java,0
openjpa-kernel/src/main/java/org/apache/openjpa/conf/RemoteCommitProviderValue.java,3
openjpa-slice/src/main/java/org/apache/openjpa/slice/ReplicationPolicy.java,0
openjpa-lib/src/main/java/org/apache/openjpa/lib/jdbc/ReportingSQLException.java,6
openjpa-persistence/src/main/java/org/apache/openjpa/persistence/util/ReservedWords.java,2
openjpa-lib/src/main/java/org/apache/openjpa/lib/util/collections/ResettableIterator.java,0
openjpa-lib/src/main/java/org/apache/openjpa/lib/util/collections/ResettableListIterator.java,0
openjpa-kernel/src/main/java/org/apache/openjpa/kernel/exps/Resolver.java,0
openjpa-lib/src/main/java/org/apache/openjpa/lib/util/ResourceBundleProvider.java,0
openjpa-lib/src/main/java/org/apache/openjpa/lib/meta/ResourceMetaDataIterator.java,8
openjpa-kernel/src/main/java/org/apache/openjpa/kernel/RestoreState.java,1
openjpa-persistence/src/main/java/org/apache/openjpa/persistence/RestoreStateType.java,0
openjpa-jdbc/src/main/java/org/apache/openjpa/jdbc/sql/Result.java,1
openjpa-lib/src/main/java/org/apache/openjpa/lib/rop/ResultList.java,0
openjpa-lib/src/main/java/org/apache/openjpa/lib/rop/ResultListIterator.java,2
openjpa-lib/src/main/java/org/apache/openjpa/lib/rop/ResultObjectProvider.java,6
openjpa-lib/src/main/java/org/apache/openjpa/lib/rop/ResultObjectProviderIterator.java,6
openjpa-kernel/src/main/java/org/apache/openjpa/kernel/ResultPacker.java,15
openjpa-jdbc/src/main/java/org/apache/openjpa/jdbc/sql/ResultSetResult.java,20
openjpa-persistence-jdbc/src/main/java/org/apache/openjpa/persistence/jdbc/ResultSetType.java,1
openjpa-kernel/src/main/java/org/apache/openjpa/kernel/ResultShape.java,3
openjpa-kernel/src/main/java/org/apache/openjpa/kernel/ResultShapePacker.java,7
openjpa-jdbc/src/main/java/org/apache/openjpa/jdbc/meta/ReverseCustomizer.java,0
openjpa-jdbc/src/main/java/org/apache/openjpa/jdbc/meta/ReverseMappingTool.java,58
openjpa-jdbc/src/main/java/org/apache/openjpa/jdbc/ant/ReverseMappingToolTask.java,3
openjpa-persistence/src/main/java/org/apache/openjpa/persistence/RollbackException.java,7
openjpa-persistence/src/main/java/org/apache/openjpa/persistence/criteria/RootImpl.java,5
openjpa-persistence/src/main/java/org/apache/openjpa/persistence/query/RootPath.java,0
openjpa-kernel/src/main/java/org/apache/openjpa/kernel/ROPStoreManager.java,0
openjpa-kernel/src/main/java/org/apache/openjpa/kernel/exps/Round.java,0
openjpa-jdbc/src/main/java/org/apache/openjpa/jdbc/sql/Row.java,1
openjpa-jdbc/src/main/java/org/apache/openjpa/jdbc/sql/RowImpl.java,20
openjpa-jdbc/src/main/java/org/apache/openjpa/jdbc/sql/RowManager.java,0
openjpa-jdbc/src/main/java/org/apache/openjpa/jdbc/sql/RowManagerImpl.java,12
openjpa-kernel/src/main/java/org/apache/openjpa/util/RuntimeExceptionTranslator.java,0
openjpa-jdbc/src/main/java/org/apache/openjpa/jdbc/meta/RuntimeStrategyInstaller.java,0
openjpa-kernel/src/main/java/org/apache/openjpa/enhance/RuntimeUnenhancedClassesModes.java,1
openjpa-kernel/src/main/java/org/apache/openjpa/kernel/SaveFieldManager.java,8
openjpa-kernel/src/main/java/org/apache/openjpa/kernel/SavepointFieldManager.java,13
openjpa-kernel/src/main/java/org/apache/openjpa/kernel/SavepointManager.java,0
openjpa-jdbc/src/main/java/org/apache/openjpa/jdbc/schema/Schema.java,24
openjpa-jdbc/src/main/java/org/apache/openjpa/jdbc/schema/SchemaFactory.java,0
openjpa-kernel/src/main/java/org/apache/openjpa/conf/SchemaGenerationAction.java,1
openjpa-kernel/src/main/java/org/apache/openjpa/conf/SchemaGenerationSource.java,1
openjpa-jdbc/src/main/java/org/apache/openjpa/jdbc/schema/SchemaGenerator.java,68
openjpa-jdbc/src/main/java/org/apache/openjpa/jdbc/schema/SchemaGroup.java,38
openjpa-jdbc/src/main/java/org/apache/openjpa/jdbc/schema/SchemaParser.java,0
openjpa-jdbc/src/main/java/org/apache/openjpa/jdbc/schema/Schemas.java,6
openjpa-jdbc/src/main/java/org/apache/openjpa/jdbc/schema/SchemaSerializer.java,0
openjpa-jdbc/src/main/java/org/apache/openjpa/jdbc/schema/SchemaTool.java,54
openjpa-jdbc/src/main/java/org/apache/openjpa/jdbc/ant/SchemaToolTask.java,1
openjpa-jdbc/src/main/java/org/apache/openjpa/jdbc/sql/SecondaryRow.java,5
openjpa-jdbc/src/main/java/org/apache/openjpa/jdbc/sql/Select.java,0
openjpa-jdbc/src/main/java/org/apache/openjpa/jdbc/kernel/exps/SelectConstructor.java,9
openjpa-jdbc/src/main/java/org/apache/openjpa/jdbc/sql/SelectExecutor.java,0
openjpa-jdbc/src/main/java/org/apache/openjpa/jdbc/sql/SelectImpl.java,126
openjpa-persistence/src/main/java/org/apache/openjpa/persistence/criteria/SelectionImpl.java,6
openjpa-persistence/src/main/java/org/apache/openjpa/persistence/query/SelectItem.java,0
openjpa-jdbc/src/main/java/org/apache/openjpa/jdbc/kernel/SelectResultObjectProvider.java,7
openjpa-kernel/src/main/java/org/apache/openjpa/kernel/Seq.java,0
openjpa-jdbc/src/main/java/org/apache/openjpa/jdbc/schema/Sequence.java,22
openjpa-jdbc/src/main/java/org/apache/openjpa/jdbc/meta/SequenceMapping.java,30
openjpa-kernel/src/main/java/org/apache/openjpa/meta/SequenceMetaData.java,26
openjpa-kernel/src/main/java/org/apache/openjpa/conf/SeqValue.java,0
openjpa-kernel/src/main/java/org/apache/openjpa/util/Serialization.java,12
openjpa-lib/src/main/java/org/apache/openjpa/lib/util/Services.java,9
openjpa-kernel/src/main/java/org/apache/openjpa/util/ShortId.java,2
openjpa-jdbc/src/main/java/org/apache/openjpa/jdbc/kernel/exps/Sign.java,3
openjpa-kernel/src/main/java/org/apache/openjpa/kernel/exps/Sign.java,0
openjpa-kernel/src/main/java/org/apache/openjpa/kernel/exps/SimpleCase.java,6
openjpa-jdbc/src/main/java/org/apache/openjpa/jdbc/kernel/exps/SimpleCaseExpression.java,6
openjpa-jdbc/src/main/java/org/apache/openjpa/jdbc/schema/SimpleDriverDataSource.java,18
openjpa-kernel/src/main/java/org/apache/openjpa/kernel/jpql/SimpleNode.java,0
openjpa-lib/src/main/java/org/apache/openjpa/lib/util/SimpleRegex.java,2
openjpa-lib/src/main/java/org/apache/openjpa/lib/util/SimpleResourceBundleProvider.java,4
openjpa-lib/src/main/java/org/apache/openjpa/lib/rop/SimpleResultList.java,4
openjpa-kernel/src/main/java/org/apache/openjpa/kernel/SingleFieldManager.java,23
openjpa-kernel/src/main/java/org/apache/openjpa/event/SingleJVMRemoteCommitProvider.java,0
openjpa-jdbc/src/main/java/org/apache/openjpa/jdbc/kernel/exps/Size.java,0
openjpa-kernel/src/main/java/org/apache/openjpa/kernel/exps/Size.java,0
openjpa-jdbc/src/main/java/org/apache/openjpa/jdbc/sql/Sized.java,0
openjpa-lib/src/main/java/org/apache/openjpa/lib/util/SizedMap.java,0
openjpa-persistence/src/main/java/org/apache/openjpa/persistence/query/SizeExpression.java,0
openjpa-lib/src/main/java/org/apache/openjpa/lib/log/SLF4JLogFactory.java,14
openjpa-slice/src/main/java/org/apache/openjpa/slice/Slice.java,1
openjpa-slice/src/main/java/org/apache/openjpa/slice/SliceImplHelper.java,2
openjpa-slice/src/main/java/org/apache/openjpa/slice/SliceInfo.java,2
openjpa-slice/src/main/java/org/apache/openjpa/slice/SlicePersistence.java,1
openjpa-slice/src/main/java/org/apache/openjpa/slice/jdbc/SliceStoreManager.java,1
openjpa-slice/src/main/java/org/apache/openjpa/slice/SliceThread.java,1
openjpa-lib/src/main/java/org/apache/openjpa/lib/rop/SoftRandomAccessResultList.java,0
openjpa-jdbc/src/main/java/org/apache/openjpa/jdbc/sql/SolidDBDictionary.java,17
openjpa-persistence/src/main/java/org/apache/openjpa/persistence/query/SomeExpression.java,0
openjpa-lib/src/main/java/org/apache/openjpa/lib/util/collections/SortedBidiMap.java,1
openjpa-persistence/src/main/java/org/apache/openjpa/persistence/meta/SourceAnnotationHandler.java,7
openjpa-persistence/src/main/java/org/apache/openjpa/persistence/util/SourceCode.java,25
openjpa-lib/src/main/java/org/apache/openjpa/lib/meta/SourceTracker.java,0
openjpa-lib/src/main/java/org/apache/openjpa/lib/meta/SourceTrackers.java,2
openjpa-kernel/src/main/java/org/apache/openjpa/conf/Specification.java,6
openjpa-kernel/src/main/java/org/apache/openjpa/conf/SpecificationPlugin.java,2
openjpa-jdbc/src/main/java/org/apache/openjpa/jdbc/sql/SQLBuffer.java,24
openjpa-jdbc/src/main/java/org/apache/openjpa/jdbc/kernel/exps/SQLEmbed.java,0
openjpa-jdbc/src/main/java/org/apache/openjpa/jdbc/sql/SQLErrorCodeReader.java,4
openjpa-jdbc/src/main/java/org/apache/openjpa/jdbc/sql/SQLExceptions.java,1
openjpa-jdbc/src/main/java/org/apache/openjpa/jdbc/kernel/exps/SQLExpression.java,2
openjpa-jdbc/src/main/java/org/apache/openjpa/jdbc/sql/SQLFactory.java,0
openjpa-jdbc/src/main/java/org/apache/openjpa/jdbc/sql/SQLFactoryImpl.java,3
openjpa-lib/src/main/java/org/apache/openjpa/lib/jdbc/SQLFormatter.java,3
openjpa-jdbc/src/main/java/org/apache/openjpa/jdbc/kernel/SQLProjectionResultObjectProvider.java,7
openjpa-jdbc/src/main/java/org/apache/openjpa/jdbc/sql/SQLServerDictionary.java,6
openjpa-jdbc/src/main/java/org/apache/openjpa/jdbc/kernel/SQLStoreQuery.java,18
openjpa-jdbc/src/main/java/org/apache/openjpa/jdbc/kernel/exps/SQLValue.java,2
openjpa-jdbc/src/main/java/org/apache/openjpa/jdbc/kernel/exps/Sqrt.java,0
openjpa-kernel/src/main/java/org/apache/openjpa/kernel/exps/Sqrt.java,0
openjpa-persistence/src/main/java/org/apache/openjpa/persistence/query/SquareRootExpression.java,0
openjpa-jdbc/src/main/java/org/apache/openjpa/jdbc/kernel/exps/StartsWithExpression.java,10
openjpa-kernel/src/main/java/org/apache/openjpa/kernel/exps/StartsWithExpression.java,0
openjpa-jdbc/src/main/java/org/apache/openjpa/jdbc/meta/strats/StateComparisonVersionStrategy.java,6
openjpa-kernel/src/main/java/org/apache/openjpa/enhance/StateManager.java,0
openjpa-kernel/src/main/java/org/apache/openjpa/kernel/StateManagerImpl.java,54
openjpa-persistence/src/main/java/org/apache/openjpa/persistence/StoreCache.java,2
openjpa-persistence/src/main/java/org/apache/openjpa/persistence/StoreCacheImpl.java,2
openjpa-jdbc/src/main/java/org/apache/openjpa/jdbc/meta/strats/StoreCollectionFieldStrategy.java,14
openjpa-kernel/src/main/java/org/apache/openjpa/kernel/StoreContext.java,0
openjpa-jdbc/src/main/java/org/apache/openjpa/jdbc/sql/StoredProcedure.java,13
openjpa-jdbc/src/main/java/org/apache/openjpa/jdbc/kernel/StoredProcedureQuery.java,10
openjpa-persistence/src/main/java/org/apache/openjpa/persistence/StoredProcedureQueryImpl.java,25
openjpa-kernel/src/main/java/org/apache/openjpa/util/StoreException.java,0
openjpa-kernel/src/main/java/org/apache/openjpa/util/StoreFacadeTypeRegistry.java,3
openjpa-kernel/src/main/java/org/apache/openjpa/event/StoreListener.java,0
openjpa-kernel/src/main/java/org/apache/openjpa/kernel/StoreManager.java,0
openjpa-kernel/src/main/java/org/apache/openjpa/kernel/StoreQuery.java,6
openjpa-persistence-jdbc/src/main/java/org/apache/openjpa/persistence/jdbc/Strategy.java,0
openjpa-jdbc/src/main/java/org/apache/openjpa/jdbc/meta/Strategy.java,0
openjpa-jdbc/src/main/java/org/apache/openjpa/jdbc/meta/StrategyInstaller.java,1
openjpa-lib/src/main/java/org/apache/openjpa/lib/util/StreamResourceBundleProvider.java,3
openjpa-kernel/src/main/java/org/apache/openjpa/kernel/exps/StringContains.java,1
openjpa-lib/src/main/java/org/apache/openjpa/lib/util/StringDistance.java,1
openjpa-jdbc/src/main/java/org/apache/openjpa/jdbc/meta/strats/StringFieldStrategy.java,2
openjpa-jdbc/src/main/java/org/apache/openjpa/jdbc/kernel/exps/StringFunction.java,3
openjpa-kernel/src/main/java/org/apache/openjpa/util/StringId.java,2
openjpa-jdbc/src/main/java/org/apache/openjpa/jdbc/kernel/exps/StringLength.java,1
openjpa-kernel/src/main/java/org/apache/openjpa/kernel/exps/StringLength.java,2
openjpa-lib/src/main/java/org/apache/openjpa/lib/conf/StringListValue.java,4
openjpa-lib/src/main/java/org/apache/openjpa/lib/util/StringUtil.java,5
openjpa-lib/src/main/java/org/apache/openjpa/lib/conf/StringValue.java,1
openjpa-persistence-jdbc/src/main/java/org/apache/openjpa/persistence/jdbc/SubclassFetchMode.java,0
openjpa-jdbc/src/main/java/org/apache/openjpa/jdbc/meta/strats/SubclassJoinDiscriminatorStrategy.java,2
openjpa-jdbc/src/main/java/org/apache/openjpa/jdbc/kernel/exps/SubQ.java,11
openjpa-kernel/src/main/java/org/apache/openjpa/kernel/exps/SubQ.java,4
openjpa-kernel/src/main/java/org/apache/openjpa/kernel/exps/Subquery.java,0
openjpa-persistence/src/main/java/org/apache/openjpa/persistence/query/Subquery.java,0
openjpa-persistence/src/main/java/org/apache/openjpa/persistence/criteria/SubqueryImpl.java,14
openjpa-jdbc/src/main/java/org/apache/openjpa/jdbc/kernel/exps/Substring.java,4
openjpa-kernel/src/main/java/org/apache/openjpa/kernel/exps/Substring.java,3
openjpa-persistence/src/main/java/org/apache/openjpa/persistence/query/SubStringExpression.java,4
openjpa-kernel/src/main/java/org/apache/openjpa/kernel/exps/Subtract.java,0
openjpa-lib/src/main/java/org/apache/openjpa/lib/meta/SuffixMetaDataFilter.java,1
openjpa-jdbc/src/main/java/org/apache/openjpa/jdbc/kernel/exps/Sum.java,0
openjpa-kernel/src/main/java/org/apache/openjpa/kernel/exps/Sum.java,0
openjpa-persistence/src/main/java/org/apache/openjpa/persistence/query/SumExpression.java,0
openjpa-kernel/src/main/java/org/apache/openjpa/ee/SunOneManagedRuntime.java,3
openjpa-jdbc/src/main/java/org/apache/openjpa/jdbc/meta/strats/SuperclassDiscriminatorStrategy.java,0
openjpa-jdbc/src/main/java/org/apache/openjpa/jdbc/meta/strats/SuperclassVersionStrategy.java,0
openjpa-jdbc/src/main/java/org/apache/openjpa/jdbc/sql/SybaseDictionary.java,10
openjpa-jdbc/src/main/java/org/apache/openjpa/jdbc/schema/Table.java,65
openjpa-jdbc/src/main/java/org/apache/openjpa/jdbc/kernel/TableJDBCSeq.java,49
openjpa-jdbc/src/main/java/org/apache/openjpa/jdbc/schema/TableSchemaFactory.java,26
openjpa-slice/src/main/java/org/apache/openjpa/slice/jdbc/TargetFetchConfiguration.java,4
openjpa-kernel/src/main/java/org/apache/openjpa/kernel/TCleanState.java,0
openjpa-kernel/src/main/java/org/apache/openjpa/event/TCPRemoteCommitProvider.java,52
openjpa-kernel/src/main/java/org/apache/openjpa/kernel/TDirtyState.java,0
openjpa-lib/src/main/java/org/apache/openjpa/lib/util/TemporaryClassLoader.java,3
openjpa-kernel/src/main/java/org/apache/openjpa/kernel/exps/This.java,1
openjpa-kernel/src/main/java/org/apache/openjpa/kernel/TimeSeededSeq.java,5
openjpa-persistence/src/main/java/org/apache/openjpa/persistence/query/TimesExpression.java,0
openjpa-lib/src/main/java/org/apache/openjpa/lib/util/TimestampHelper.java,5
openjpa-jdbc/src/main/java/org/apache/openjpa/jdbc/meta/strats/TimestampVersionStrategy.java,0
openjpa-kernel/src/main/java/org/apache/openjpa/kernel/TLoadedState.java,0
openjpa-jest/src/main/java/org/apache/openjpa/persistence/jest/TokenReplacedStream.java,4
openjpa-jdbc/src/main/java/org/apache/openjpa/jdbc/kernel/exps/ToLowerCase.java,0
openjpa-kernel/src/main/java/org/apache/openjpa/kernel/exps/ToLowerCase.java,2
openjpa-jdbc/src/main/java/org/apache/openjpa/jdbc/kernel/exps/ToUpperCase.java,0
openjpa-kernel/src/main/java/org/apache/openjpa/kernel/exps/ToUpperCase.java,2
openjpa-kernel/src/main/java/org/apache/openjpa/event/TransactionEvent.java,13
openjpa-kernel/src/main/java/org/apache/openjpa/event/TransactionEventManager.java,5
openjpa-kernel/src/main/java/org/apache/openjpa/event/TransactionListener.java,0
openjpa-persistence/src/main/java/org/apache/openjpa/persistence/TransactionRequiredException.java,9
openjpa-kernel/src/main/java/org/apache/openjpa/kernel/TransferFieldManager.java,1
openjpa-kernel/src/main/java/org/apache/openjpa/kernel/TransientState.java,0
openjpa-persistence/src/main/java/org/apache/openjpa/persistence/validation/TraversableResolverImpl.java,2
openjpa-lib/src/main/java/org/apache/openjpa/lib/util/collections/TreeBidiMap.java,8
openjpa-jdbc/src/main/java/org/apache/openjpa/jdbc/kernel/exps/Trim.java,8
openjpa-kernel/src/main/java/org/apache/openjpa/kernel/exps/Trim.java,4
openjpa-persistence/src/main/java/org/apache/openjpa/persistence/query/TrimExpression.java,3
openjpa-persistence/src/main/java/org/apache/openjpa/persistence/query/TrimSpec.java,0
openjpa-persistence/src/main/java/org/apache/openjpa/persistence/TupleFactory.java,2
openjpa-persistence/src/main/java/org/apache/openjpa/persistence/TupleImpl.java,3
openjpa-jdbc/src/main/java/org/apache/openjpa/jdbc/kernel/exps/Type.java,1
openjpa-kernel/src/main/java/org/apache/openjpa/kernel/exps/Type.java,2
openjpa-persistence/src/main/java/org/apache/openjpa/persistence/Type.java,0
openjpa-kernel/src/main/java/org/apache/openjpa/datacache/TypeBasedCacheDistributionPolicy.java,2
openjpa-lib/src/main/java/org/apache/openjpa/lib/util/TypedProperties.java,0
openjpa-persistence/src/main/java/org/apache/openjpa/persistence/query/TypeExpression.java,0
openjpa-jdbc/src/main/java/org/apache/openjpa/jdbc/kernel/exps/TypeLit.java,3
openjpa-kernel/src/main/java/org/apache/openjpa/kernel/exps/TypeLit.java,3
openjpa-persistence/src/main/java/org/apache/openjpa/persistence/meta/Types.java,4
openjpa-kernel/src/main/java/org/apache/openjpa/datacache/TypesChangedEvent.java,2
openjpa-kernel/src/main/java/org/apache/openjpa/datacache/TypesChangedListener.java,0
openjpa-persistence/src/main/java/org/apache/openjpa/persistence/query/UnaryConditionalOperator.java,1
openjpa-persistence/src/main/java/org/apache/openjpa/persistence/query/UnaryExpressionPredicate.java,4
openjpa-persistence/src/main/java/org/apache/openjpa/persistence/query/UnaryFunctionalOperator.java,1
openjpa-kernel/src/main/java/org/apache/openjpa/kernel/exps/UnaryMathVal.java,2
openjpa-persistence/src/main/java/org/apache/openjpa/persistence/query/UnaryMinusExpression.java,0
openjpa-jdbc/src/main/java/org/apache/openjpa/jdbc/kernel/exps/UnaryOp.java,7
openjpa-persistence/src/main/java/org/apache/openjpa/persistence/query/UnaryOperator.java,1
openjpa-persistence/src/main/java/org/apache/openjpa/persistence/query/UnaryOperatorExpression.java,3
openjpa-kernel/src/main/java/org/apache/openjpa/kernel/exps/UnboundVariable.java,3
openjpa-jdbc/src/main/java/org/apache/openjpa/jdbc/sql/Union.java,0
openjpa-persistence-jdbc/src/main/java/org/apache/openjpa/persistence/jdbc/Unique.java,0
openjpa-jdbc/src/main/java/org/apache/openjpa/jdbc/schema/Unique.java,5
openjpa-slice/src/main/java/org/apache/openjpa/slice/jdbc/UniqueResultObjectProvider.java,9
openjpa-lib/src/main/java/org/apache/openjpa/lib/util/collections/Unmodifiable.java,0
openjpa-lib/src/main/java/org/apache/openjpa/lib/util/collections/UnmodifiableCollection.java,0
openjpa-lib/src/main/java/org/apache/openjpa/lib/util/collections/UnmodifiableEntrySet.java,0
openjpa-lib/src/main/java/org/apache/openjpa/lib/util/collections/UnmodifiableIterator.java,0
openjpa-lib/src/main/java/org/apache/openjpa/lib/util/collections/UnmodifiableList.java,0
openjpa-lib/src/main/java/org/apache/openjpa/lib/util/collections/UnmodifiableListIterator.java,0
openjpa-lib/src/main/java/org/apache/openjpa/lib/util/collections/UnmodifiableMapEntry.java,0
openjpa-lib/src/main/java/org/apache/openjpa/lib/util/collections/UnmodifiableOrderedMap.java,0
openjpa-lib/src/main/java/org/apache/openjpa/lib/util/collections/UnmodifiableOrderedMapIterator.java,0
openjpa-lib/src/main/java/org/apache/openjpa/lib/util/collections/UnmodifiableSet.java,0
openjpa-kernel/src/main/java/org/apache/openjpa/util/UnsupportedException.java,0
openjpa-jdbc/src/main/java/org/apache/openjpa/jdbc/meta/strats/UntypedPCValueHandler.java,4
openjpa-persistence/src/main/java/org/apache/openjpa/persistence/UpdateAction.java,0
openjpa-kernel/src/main/java/org/apache/openjpa/event/UpdateListener.java,0
openjpa-jdbc/src/main/java/org/apache/openjpa/jdbc/kernel/UpdateManager.java,0
openjpa-kernel/src/main/java/org/apache/openjpa/meta/UpdateStrategies.java,4
openjpa-persistence/src/main/java/org/apache/openjpa/persistence/query/UpperExpression.java,0
openjpa-lib/src/main/java/org/apache/openjpa/lib/meta/URLMetaDataIterator.java,6
openjpa-kernel/src/main/java/org/apache/openjpa/util/UserException.java,0
openjpa-lib/src/main/java/org/apache/openjpa/lib/util/UUIDGenerator.java,3
openjpa-kernel/src/main/java/org/apache/openjpa/kernel/UUIDHexSeq.java,4
openjpa-kernel/src/main/java/org/apache/openjpa/util/UuidId.java,3
openjpa-kernel/src/main/java/org/apache/openjpa/kernel/UUIDStringSeq.java,4
openjpa-kernel/src/main/java/org/apache/openjpa/kernel/UUIDType4HexSeq.java,4
openjpa-kernel/src/main/java/org/apache/openjpa/kernel/UUIDType4StringSeq.java,4
openjpa-jdbc/src/main/java/org/apache/openjpa/jdbc/kernel/exps/Val.java,1
openjpa-kernel/src/main/java/org/apache/openjpa/kernel/exps/Val.java,3
openjpa-kernel/src/main/java/org/apache/openjpa/kernel/exps/ValExpression.java,1
openjpa-lib/src/main/java/org/apache/openjpa/lib/xml/ValidatingErrorHandler.java,0
openjpa-kernel/src/main/java/org/apache/openjpa/validation/ValidatingLifecycleEventManager.java,5
openjpa-kernel/src/main/java/org/apache/openjpa/validation/ValidationException.java,1
openjpa-kernel/src/main/java/org/apache/openjpa/validation/ValidationUnavailableException.java,0
openjpa-persistence/src/main/java/org/apache/openjpa/persistence/validation/ValidationUtils.java,3
openjpa-kernel/src/main/java/org/apache/openjpa/validation/Validator.java,0
openjpa-persistence/src/main/java/org/apache/openjpa/persistence/validation/ValidatorImpl.java,23
openjpa-lib/src/main/java/org/apache/openjpa/lib/conf/Value.java,10
openjpa-kernel/src/main/java/org/apache/openjpa/kernel/exps/Value.java,0
openjpa-persistence/src/main/java/org/apache/openjpa/persistence/query/ValueExpression.java,1
openjpa-jdbc/src/main/java/org/apache/openjpa/jdbc/meta/ValueHandler.java,0
openjpa-lib/src/main/java/org/apache/openjpa/lib/conf/ValueListener.java,0
openjpa-jdbc/src/main/java/org/apache/openjpa/jdbc/meta/strats/ValueMapDiscriminatorStrategy.java,4
openjpa-jdbc/src/main/java/org/apache/openjpa/jdbc/meta/ValueMapping.java,2
openjpa-jdbc/src/main/java/org/apache/openjpa/jdbc/meta/ValueMappingImpl.java,18
openjpa-jdbc/src/main/java/org/apache/openjpa/jdbc/meta/ValueMappingInfo.java,17
openjpa-kernel/src/main/java/org/apache/openjpa/meta/ValueMetaData.java,0
openjpa-kernel/src/main/java/org/apache/openjpa/meta/ValueMetaDataImpl.java,24
openjpa-kernel/src/main/java/org/apache/openjpa/kernel/exps/ValuePath.java,2
openjpa-kernel/src/main/java/org/apache/openjpa/meta/ValueStrategies.java,2
openjpa-jdbc/src/main/java/org/apache/openjpa/jdbc/kernel/ValueTableJDBCSeq.java,11
openjpa-persistence/src/main/java/org/apache/openjpa/persistence/query/VarArgsExpression.java,2
openjpa-jdbc/src/main/java/org/apache/openjpa/jdbc/kernel/exps/Variable.java,16
openjpa-jdbc/src/main/java/org/apache/openjpa/jdbc/meta/Version.java,7
openjpa-kernel/src/main/java/org/apache/openjpa/kernel/VersionAttachStrategy.java,10
openjpa-persistence-jdbc/src/main/java/org/apache/openjpa/persistence/jdbc/VersionColumn.java,0
openjpa-persistence-jdbc/src/main/java/org/apache/openjpa/persistence/jdbc/VersionColumns.java,0
openjpa-kernel/src/main/java/org/apache/openjpa/kernel/VersionLockManager.java,4
openjpa-jdbc/src/main/java/org/apache/openjpa/jdbc/meta/VersionMappingInfo.java,1
openjpa-persistence-jdbc/src/main/java/org/apache/openjpa/persistence/jdbc/VersionStrategy.java,0
openjpa-jdbc/src/main/java/org/apache/openjpa/jdbc/meta/VersionStrategy.java,1
openjpa-jdbc/src/main/java/org/apache/openjpa/jdbc/meta/strats/VerticalClassStrategy.java,1
openjpa-persistence/src/main/java/org/apache/openjpa/persistence/query/Visitable.java,0
openjpa-kernel/src/main/java/org/apache/openjpa/ee/WASManagedRuntime.java,7
openjpa-kernel/src/main/java/org/apache/openjpa/ee/WASRegistryManagedRuntime.java,3
openjpa-persistence/src/main/java/org/apache/openjpa/persistence/query/WhenClause.java,0
openjpa-jdbc/src/main/java/org/apache/openjpa/jdbc/kernel/exps/WhenCondition.java,2
openjpa-kernel/src/main/java/org/apache/openjpa/kernel/exps/WhenCondition.java,2
openjpa-jdbc/src/main/java/org/apache/openjpa/jdbc/kernel/exps/WhenScalar.java,2
openjpa-kernel/src/main/java/org/apache/openjpa/kernel/exps/WhenScalar.java,2
openjpa-kernel/src/main/java/org/apache/openjpa/kernel/exps/WildcardMatch.java,1
openjpa-lib/src/main/java/org/apache/openjpa/lib/rop/WindowResultList.java,10
openjpa-kernel/src/main/java/org/apache/openjpa/ee/WLSManagedRuntime.java,9
openjpa-kernel/src/main/java/org/apache/openjpa/util/WrappedException.java,0
openjpa-persistence-jdbc/src/main/java/org/apache/openjpa/persistence/jdbc/XEmbeddedMapping.java,0
openjpa-persistence-jdbc/src/main/java/org/apache/openjpa/persistence/jdbc/XJoinColumn.java,0
openjpa-persistence-jdbc/src/main/java/org/apache/openjpa/persistence/jdbc/XJoinColumns.java,0
openjpa-persistence-jdbc/src/main/java/org/apache/openjpa/persistence/jdbc/XMappingOverride.java,0
openjpa-persistence-jdbc/src/main/java/org/apache/openjpa/persistence/jdbc/XMappingOverrides.java,0
openjpa-kernel/src/main/java/org/apache/openjpa/meta/XMLClassMetaData.java,8
openjpa-xmlstore/src/main/java/org/apache/openjpa/xmlstore/XMLConfiguration.java,5
openjpa-lib/src/main/java/org/apache/openjpa/lib/xml/XMLFactory.java,1
openjpa-kernel/src/main/java/org/apache/openjpa/meta/XMLFieldMetaData.java,10
openjpa-xmlstore/src/main/java/org/apache/openjpa/xmlstore/XMLFileHandler.java,34
openjpa-jest/src/main/java/org/apache/openjpa/persistence/jest/XMLFormatter.java,8
openjpa-kernel/src/main/java/org/apache/openjpa/meta/XMLMetaData.java,1
openjpa-lib/src/main/java/org/apache/openjpa/lib/meta/XMLMetaDataParser.java,37
openjpa-lib/src/main/java/org/apache/openjpa/lib/meta/XMLMetaDataSerializer.java,12
openjpa-persistence-jdbc/src/main/java/org/apache/openjpa/persistence/jdbc/XMLPersistenceMappingParser.java,75
openjpa-persistence-jdbc/src/main/java/org/apache/openjpa/persistence/jdbc/XMLPersistenceMappingSerializer.java,29
openjpa-persistence/src/main/java/org/apache/openjpa/persistence/XMLPersistenceMetaDataParser.java,182
openjpa-persistence/src/main/java/org/apache/openjpa/persistence/XMLPersistenceMetaDataSerializer.java,51
openjpa-jdbc/src/main/java/org/apache/openjpa/jdbc/schema/XMLSchemaParser.java,21
openjpa-jdbc/src/main/java/org/apache/openjpa/jdbc/schema/XMLSchemaSerializer.java,5
openjpa-xmlstore/src/main/java/org/apache/openjpa/xmlstore/XMLStore.java,4
openjpa-xmlstore/src/main/java/org/apache/openjpa/xmlstore/XMLStoreManager.java,5
openjpa-jdbc/src/main/java/org/apache/openjpa/jdbc/meta/strats/XMLValueHandler.java,4
openjpa-lib/src/main/java/org/apache/openjpa/lib/meta/XMLVersionParser.java,7
openjpa-lib/src/main/java/org/apache/openjpa/lib/xml/XMLWriter.java,5
openjpa-jdbc/src/main/java/org/apache/openjpa/jdbc/kernel/XROP.java,2
openjpa-persistence-jdbc/src/main/java/org/apache/openjpa/persistence/jdbc/XSecondaryTable.java,0
openjpa-persistence-jdbc/src/main/java/org/apache/openjpa/persistence/jdbc/XSecondaryTables.java,0
openjpa-persistence-jdbc/src/main/java/org/apache/openjpa/persistence/jdbc/XTable.java,0
openjpa-lib/src/main/java/org/apache/openjpa/lib/meta/ZipFileMetaDataIterator.java,7
openjpa-lib/src/main/java/org/apache/openjpa/lib/util/ZipResourceBundleProvider.java,3
openjpa-lib/src/main/java/org/apache/openjpa/lib/meta/ZipStreamMetaDataIterator.java,7
